"","transdisciplinaryExp.rate.","familiarWithSI.response.","contribToSI.rate.","motivation.pheno.","motivation.prob.","motivation.welfare.","benefitForNonAcademy","impulseForNonAcad.soc.","impulseForNonAcad.econ.","impulseForNonAcad.ecol.","impulseForNonAcad.health.","impulseForNonAcad.tech.","groupsInvolved.res.","groupsInvolved.busi.","groupsInvolved.civsoc.","groupsInvolved.policy.","groupsInvolved.citiz.","groupsInvolved.media.","groupsInvolved.welfare.","natureOfInvolvement.res.","natureOfInvolvement.busi.","natureOfInvolvement.civsoc.","natureOfInvolvement.policy.","natureOfInvolvement.citiz.","natureOfInvolvement.media.","natureOfInvolvement.welfare.","targetGroupsGoals.socneeds.","targetGroupsGoals.socgroups.","targetGroupsGoals.improve.","targetGroupsGoals.empower.","targetGroupsGoals.diversity.","concepts.pub.","concepts.data.","concepts.code.","concepts.infra.","concepts.review.","concepts2","concepts3","impactTargetGroup.pub.","impactTargetGroup.busi.","impactTargetGroup.socgr.","impactTargetGroup.welfare.","impactTargetGroup.civsoc.","impactTargetGroup.policy.","impactTargetGroup.acad.","kindOfChange.pub.","kindOfChange.busi.","kindOfChange.socgr.","kindOfChange.welfare.","kindOfChange.civsoc.","kindOfChange.policy.","kindOfChange.acad.","adoptByPolicy.rate.","adoptByPolicyHow.SQ001.","adoptByPolicyHow.SQ002.","adoptByPolicyHow.SQ003.","Impactstatements.capab.","Impactstatements.emanc.","Impactstatements.understanding.","Impactstatements.mitig.","Impactstatements.unknown.","Impactstatements.unaddressed.","dissChannels.peer.","dissChannels.mono.","dissChannels.conf.","dissChannels.policy.","dissChannels.trad.","dissChannels.prof.","dissChannels.web.","dissChannels.socmed.","dissChannels.platf.","dissChannels.consult.","dissChannels.events.","dissChannels.public.","scalabilityRating.up.","scalabilityRating.out.","scalabilityRating.deep."
"1",6,8,0,8,8,8,2,0,0,0,0,1,2,1,0,0,0,0,0,2,0,NA,NA,NA,NA,NA,0,0,1,0,0,1,0,0,0,0,0,0,0,0,0,0,0,0,10,NA,NA,NA,NA,NA,NA,0,0,0,0,0,NA,NA,NA,NA,5,10,1,0,1,0,1,1,1,1,0,0,0,1,NA,NA,NA
"2",10,8,2,10,2,3,0,0,0,0,1,0,2,0,0,0,0,0,0,2,NA,NA,NA,NA,NA,NA,NA,NA,NA,NA,NA,1,1,1,1,1,0,0,0,0,0,0,0,0,7,NA,NA,NA,NA,NA,NA,2,0,0,0,0,0,0,0,0,0,6,1,0,1,0,0,0,1,0,0,1,0,1,NA,NA,NA
"3",7,1,NA,9,9,5,1,0,0,0,0,0,2,2,0,0,0,1,0,2,2,NA,NA,NA,0,NA,0,0,1,1,1,1,1,0,0,0,0,0,1,5,0,0,0,0,8,NA,0,NA,NA,NA,NA,0,0,0,0,0,0,0,0,0,5,5,1,0,1,0,1,1,1,1,1,1,0,0,8,10,8
"4",5,4,NA,10,5,0,0,0,0,0,0,0,2,0,0,0,1,1,1,2,NA,NA,NA,0,0,0,NA,NA,NA,NA,NA,1,1,0,0,1,0,0,0,0,0,0,0,0,10,NA,NA,NA,NA,NA,NA,0,0,0,0,0,0,0,0,0,0,0,1,1,1,0,1,1,1,1,0,0,1,0,NA,NA,NA
"5",7,0,NA,7,7,10,0,0,0,0,1,0,1,0,0,0,0,0,0,1,NA,NA,NA,NA,NA,NA,NA,NA,NA,NA,NA,1,1,1,1,0,0,0,5,0,0,0,0,0,10,0,NA,NA,NA,NA,NA,0,0,0,0,0,NA,NA,NA,NA,NA,7,1,0,0,0,0,0,1,1,0,0,0,1,NA,NA,NA
"6",4,5,4,8,9,3,1,0,0,0,1,0,1,0,0,1,0,1,1,2,NA,NA,2,NA,1,0,NA,NA,1,NA,NA,1,NA,1,0,0,1,1,2,0,3,4,0,2,7,NA,NA,1,3,NA,NA,0,1,0,0,0,NA,NA,NA,NA,NA,NA,1,0,1,1,0,1,1,0,NA,NA,1,0,7,6,6
"7",7,5,2,2,2,2,1,0,0,0,1,0,0,0,0,0,0,0,0,NA,NA,NA,NA,NA,NA,NA,0,0,0,0,1,1,1,0,0,0,0,0,2,2,1,1,1,1,8,NA,NA,NA,NA,NA,NA,0,0,0,0,0,0,0,0,0,0,8,1,0,1,0,0,0,1,0,0,0,0,0,NA,NA,NA
"8",10,0,NA,10,10,0,0,0,0,0,0,0,2,0,0,0,0,0,0,2,NA,NA,NA,NA,NA,NA,NA,NA,NA,NA,NA,1,1,0,0,0,0,0,0,0,0,0,0,0,0,NA,NA,NA,NA,NA,NA,NA,0,0,0,0,0,0,0,0,0,5,1,0,0,0,0,0,1,0,0,0,0,0,NA,NA,NA
"9",NA,4,NA,4,4,10,1,0,0,0,1,0,1,0,0,0,0,0,0,2,NA,NA,NA,NA,NA,NA,1,0,1,0,0,1,1,0,0,0,0,0,4,5,2,4,1,1,6,1,1,NA,1,NA,NA,2,0,0,0,0,5,2,1,2,7,4,1,0,1,0,0,0,1,0,0,0,0,0,7,4,3
"10",8,7,3,10,7,7,1,0,0,0,0,1,1,1,0,0,0,1,0,0,0,NA,NA,NA,NA,NA,0,0,0,0,0,0,0,1,1,0,0,0,6,7,0,0,0,0,9,NA,NA,NA,NA,NA,NA,NA,0,0,0,0,0,0,0,0,0,0,1,0,1,0,0,0,1,0,0,0,0,0,7,0,0
"11",2,2,NA,2,2,2,0,1,1,0,0,0,1,1,0,1,0,1,1,1,1,NA,2,NA,1,1,NA,NA,NA,NA,NA,1,0,0,0,1,0,0,NA,NA,NA,NA,NA,NA,NA,NA,NA,NA,NA,NA,NA,NA,NA,0,0,0,NA,NA,NA,NA,NA,NA,NA,NA,NA,NA,NA,NA,NA,NA,NA,NA,NA,NA,NA,NA,NA
"12",1,1,NA,10,10,8,1,0,0,0,0,1,0,1,0,0,0,0,0,NA,0,NA,NA,NA,NA,NA,0,NA,1,0,0,1,1,1,0,0,0,0,2,2,5,0,0,0,5,NA,NA,2,NA,NA,NA,2,0,0,0,0,5,5,0,0,0,0,1,0,0,0,0,0,1,0,1,0,0,0,8,NA,NA
"13",9,3,NA,9,8,8,1,0,0,0,1,0,2,0,0,0,0,0,0,3,NA,NA,NA,NA,NA,NA,0,0,1,0,1,1,1,1,0,1,0,0,5,3,3,3,3,2,8,0,NA,NA,NA,NA,NA,0,3,0,0,0,2,2,2,2,2,9,1,0,1,0,1,0,1,1,0,0,0,0,NA,NA,NA
"14",3,1,NA,10,10,8,2,0,0,0,0,1,0,0,0,0,0,0,0,NA,NA,NA,NA,NA,NA,NA,0,0,0,0,1,1,1,0,0,0,0,1,7,7,0,0,0,7,8,0,3,NA,NA,NA,0,0,6,0,0,0,NA,NA,8,NA,3,9,1,1,0,0,0,0,1,1,1,0,0,0,8,NA,6
"15",7,0,NA,10,7,5,1,0,0,0,0,0,2,0,0,0,0,0,0,3,NA,NA,NA,NA,NA,NA,0,1,1,0,1,1,1,0,0,0,1,0,2,0,1,0,0,1,7,NA,NA,NA,NA,NA,NA,0,0,0,0,0,2,0,8,1,5,7,1,1,1,0,1,0,1,0,0,0,0,0,NA,NA,NA
"16",3,2,NA,10,8,8,2,1,1,0,0,0,1,0,0,2,0,1,0,0,NA,NA,3,NA,1,NA,0,0,1,0,1,1,1,1,1,0,0,1,5,1,1,1,1,7,5,0,NA,NA,NA,NA,0,0,8,0,0,0,0,0,8,5,5,4,1,0,0,0,1,1,1,1,0,1,0,0,5,5,NA
"17",10,0,NA,10,3,3,0,0,0,0,0,0,2,1,0,0,0,2,0,3,1,NA,NA,NA,1,NA,NA,NA,NA,NA,NA,1,1,1,1,0,0,0,2,2,2,2,2,2,10,NA,NA,NA,NA,NA,NA,0,0,0,0,0,NA,NA,NA,NA,NA,NA,1,1,1,0,1,1,1,1,1,1,0,1,NA,NA,NA
"18",9,9,5,10,9,7,1,0,0,0,0,0,2,2,2,1,2,0,1,3,2,3,2,3,NA,1,1,0,1,1,1,1,0,0,0,0,0,1,4,8,2,2,2,2,8,1,3,NA,NA,NA,NA,0,2,0,0,0,7,2,3,3,7,7,1,0,1,0,0,0,1,0,0,0,1,0,NA,8,NA
"19",4,0,NA,10,7,3,1,0,0,1,0,1,2,0,0,1,0,1,0,3,NA,NA,0,NA,0,NA,0,0,1,1,1,1,1,1,0,1,0,1,4,2,0,0,0,7,10,1,NA,NA,NA,NA,3,0,7,1,1,0,8,4,1,1,7,5,1,1,1,0,1,1,NA,0,0,1,1,1,8,7,4
"20",3,4,NA,10,10,5,1,1,0,0,0,0,1,0,0,0,0,0,0,NA,NA,NA,NA,NA,NA,NA,0,0,0,0,0,0,0,0,0,0,0,1,3,0,0,0,0,3,7,0,NA,NA,NA,NA,1,NA,1,0,0,0,0,0,1,0,1,1,0,1,0,0,0,0,1,0,1,0,0,0,NA,NA,NA
"21",8,4,NA,4,10,7,2,0,0,0,0,1,2,0,0,0,0,0,0,2,NA,NA,NA,NA,NA,NA,1,0,1,1,1,1,1,0,0,1,0,0,5,10,0,3,0,0,10,NA,0,NA,NA,NA,NA,0,5,0,0,0,10,10,NA,NA,NA,10,1,0,1,0,0,1,1,0,0,1,0,0,10,8,NA
"22",3,2,NA,7,5,3,0,1,0,0,0,0,0,0,0,0,0,0,0,NA,NA,NA,NA,NA,NA,NA,NA,NA,NA,NA,NA,0,0,0,0,0,1,1,0,0,0,0,0,0,0,NA,NA,NA,NA,NA,NA,NA,0,0,0,0,0,0,7,0,3,3,1,1,0,0,0,0,1,1,0,0,0,0,NA,NA,NA
"23",6,6,8,8,7,7,2,0,0,1,0,1,1,0,0,1,0,0,0,3,NA,NA,0,NA,NA,NA,1,0,0,0,0,1,1,0,0,1,0,1,2,5,0,0,5,7,9,NA,1,NA,NA,0,3,3,7,0,0,0,6,2,6,8,10,10,1,NA,1,0,0,1,0,0,0,0,0,0,7,7,1
"24",3,0,NA,10,8,5,0,0,0,1,0,1,1,0,0,1,0,1,1,0,NA,NA,2,NA,0,0,NA,NA,NA,NA,NA,0,1,0,0,0,0,0,1,0,0,0,0,1,3,NA,NA,NA,NA,NA,NA,0,NA,0,0,0,NA,NA,NA,NA,NA,NA,1,0,1,0,1,0,1,0,0,0,0,1,NA,NA,NA
"25",5,5,0,10,0,1,0,0,0,0,0,0,0,0,0,0,0,0,0,NA,NA,NA,NA,NA,NA,NA,NA,NA,NA,NA,NA,1,0,1,0,1,0,0,0,0,0,0,0,0,9,NA,NA,NA,NA,NA,NA,0,0,0,0,0,0,0,0,0,0,2,1,1,1,0,0,0,0,0,1,0,0,0,NA,NA,NA
"26",5,7,0,0,0,0,0,0,0,0,0,0,0,0,0,0,0,0,0,NA,NA,NA,NA,NA,NA,NA,NA,NA,NA,NA,NA,1,0,0,0,0,1,0,0,0,0,0,0,0,1,NA,NA,NA,NA,NA,NA,NA,0,0,0,0,0,0,0,0,0,0,1,0,1,0,0,0,1,0,1,1,0,0,NA,NA,NA
"27",5,0,NA,5,10,9,1,0,0,0,1,0,0,0,0,0,0,0,0,NA,NA,NA,NA,NA,NA,NA,0,0,1,0,0,1,1,0,0,0,0,0,4,2,0,0,0,0,10,NA,NA,NA,NA,NA,NA,0,0,0,0,0,0,0,0,0,0,NA,1,0,1,0,0,0,1,1,0,0,0,0,5,8,0
"28",7,8,5,9,8,5,0,0,0,0,0,0,1,0,0,0,0,1,0,1,NA,NA,NA,NA,1,NA,NA,NA,NA,NA,NA,1,1,0,0,1,0,0,2,1,0,0,0,0,7,NA,NA,NA,NA,NA,NA,0,0,0,0,0,0,0,0,0,0,0,1,1,1,0,0,1,1,0,0,0,0,1,NA,NA,NA
"29",4,10,3,10,6,8,2,0,0,0,0,0,2,1,2,1,2,2,0,2,1,2,3,2,0,NA,1,1,1,1,1,1,1,0,0,0,1,0,10,0,10,3,6,3,8,0,NA,1,0,1,0,1,10,0,0,0,6,10,7,8,10,10,1,1,1,0,1,1,1,1,0,0,1,1,6,7,7
"30",7,0,NA,7,6,8,2,0,0,0,0,0,2,0,0,0,0,0,0,3,NA,NA,NA,NA,NA,NA,0,0,1,1,1,1,1,0,0,0,1,0,0,0,0,10,0,0,2,NA,NA,NA,2,NA,NA,NA,2,0,0,0,7,7,1,0,0,1,1,1,1,0,0,0,1,0,0,1,1,1,10,10,1
"31",10,0,NA,10,0,2,1,0,0,0,0,0,1,0,0,0,1,1,1,0,NA,NA,NA,0,0,0,0,1,0,0,1,1,1,1,1,1,1,0,3,0,3,3,0,0,10,0,NA,0,0,NA,NA,0,0,0,0,0,0,0,0,0,0,0,1,1,1,0,1,1,1,0,1,1,1,1,NA,NA,NA
"32",5,0,NA,10,10,1,1,0,0,1,0,1,1,NA,NA,1,2,1,0,3,NA,NA,2,1,0,NA,0,0,0,0,1,1,1,0,0,0,0,0,5,0,0,0,0,0,10,0,NA,NA,NA,NA,NA,0,0,0,0,0,5,0,0,0,10,10,1,1,1,0,1,1,1,0,0,1,1,1,1,8,0
"33",6,0,NA,10,10,10,0,0,0,0,1,1,1,0,0,0,0,0,0,1,NA,NA,NA,NA,NA,NA,NA,NA,NA,NA,NA,1,0,0,1,0,0,0,0,0,0,0,0,0,7,NA,NA,NA,NA,NA,NA,0,0,0,0,0,0,0,0,0,0,0,1,1,1,0,0,0,0,0,0,0,0,0,NA,NA,NA
"34",3,0,NA,10,10,2,1,0,0,0,0,0,1,0,0,0,0,1,0,0,NA,NA,NA,NA,0,NA,0,0,0,0,1,1,1,1,0,1,0,0,2,1,5,3,1,1,5,NA,NA,NA,NA,NA,NA,NA,NA,0,0,0,NA,NA,NA,NA,NA,NA,1,0,0,0,0,0,1,1,1,0,1,1,NA,NA,NA
"35",7,3,NA,10,0,0,0,0,0,0,0,0,2,0,0,0,0,0,0,2,NA,NA,NA,NA,NA,NA,NA,NA,NA,NA,NA,1,1,1,0,0,0,0,0,0,0,0,0,0,5,NA,NA,NA,NA,NA,NA,0,0,0,0,0,0,0,0,0,0,7,1,0,0,0,0,1,1,0,1,0,0,0,NA,NA,NA
"36",9,7,7,9,8,8,1,1,0,0,1,0,2,0,2,1,2,0,2,2,NA,0,2,0,NA,0,1,1,1,1,1,0,1,0,1,1,1,0,2,1,10,8,8,7,7,NA,NA,0,1,1,1,0,8,1,0,0,8,8,9,NA,7,8,1,1,1,0,1,1,0,1,0,0,1,0,NA,NA,7
"37",9,6,7,8,9,10,2,0,0,1,0,0,1,0,0,0,0,1,0,1,NA,NA,NA,NA,0,NA,0,0,1,0,0,1,1,0,0,1,0,1,3,2,0,0,4,3,7,2,NA,NA,NA,1,1,2,2,0,0,0,5,0,6,3,0,0,1,1,1,0,0,1,1,0,0,1,1,1,6,0,2
"38",6,4,NA,10,10,5,1,1,0,0,1,1,2,0,0,0,0,0,0,3,NA,NA,NA,NA,NA,NA,0,0,1,0,1,0,0,0,0,1,1,0,5,0,0,8,0,0,8,0,NA,NA,0,NA,NA,0,5,0,0,0,4,3,7,0,9,6,1,1,1,0,1,1,0,1,0,0,0,0,6,6,7
"39",NA,NA,NA,10,NA,10,2,0,0,0,1,0,2,0,0,0,1,0,0,3,NA,NA,NA,0,NA,NA,0,0,1,0,0,1,NA,NA,NA,NA,1,1,6,0,1,6,0,0,8,NA,NA,NA,0,NA,NA,0,NA,0,0,0,NA,NA,5,NA,8,8,1,NA,1,NA,NA,NA,1,1,NA,NA,NA,NA,6,NA,NA
"40",6,5,2,3,6,8,1,0,0,0,1,0,2,0,0,0,0,1,1,2,NA,NA,NA,NA,0,1,0,0,1,0,1,1,1,0,0,0,1,0,6,1,1,1,0,0,8,0,NA,NA,NA,NA,NA,0,2,0,0,0,2,1,6,2,0,0,1,0,1,0,1,0,1,0,0,0,0,1,4,5,0
"41",5,0,NA,10,7,4,1,0,0,1,0,0,1,0,0,0,0,0,0,3,NA,NA,NA,NA,NA,NA,0,0,0,0,0,1,1,1,0,1,0,0,3,0,0,0,0,0,10,0,NA,NA,NA,NA,NA,0,NA,0,0,0,0,0,0,0,7,9,1,0,0,0,0,0,1,0,1,0,0,0,NA,NA,NA
"42",2,1,NA,10,10,0,0,0,0,0,0,0,1,0,0,1,0,1,0,1,NA,NA,2,NA,0,NA,NA,NA,NA,NA,NA,1,1,1,0,0,0,1,1,0,0,1,0,1,3,NA,NA,NA,NA,NA,NA,0,8,0,0,0,0,0,0,0,2,8,1,1,1,1,1,1,1,0,1,0,0,1,NA,NA,NA
"43",8,7,3,7,6,8,1,1,0,0,0,0,1,NA,2,2,NA,NA,NA,0,NA,1,0,NA,NA,NA,0,0,0,1,0,0,0,0,0,1,0,1,0,0,0,0,6,4,7,NA,NA,NA,NA,0,2,0,2,0,0,0,3,1,7,3,4,7,1,0,1,1,0,0,0,1,0,1,1,0,1,3,5
"44",5,8,4,7,2,7,1,1,0,0,0,0,1,0,0,0,0,0,0,0,NA,NA,NA,NA,NA,NA,0,0,0,1,1,0,0,0,0,0,1,0,0,0,0,0,0,5,5,NA,NA,NA,NA,NA,0,0,0,0,0,0,4,4,7,2,8,4,1,1,1,0,0,0,0,0,0,1,0,0,8,8,8
"45",2,0,NA,10,2,7,0,0,0,0,1,0,0,0,0,0,0,0,0,NA,NA,NA,NA,NA,NA,NA,NA,NA,NA,NA,NA,1,1,0,0,0,0,0,0,0,0,0,0,0,5,NA,NA,NA,NA,NA,NA,0,0,0,0,0,0,0,0,0,0,0,1,0,0,0,1,0,1,1,0,0,0,0,NA,NA,NA
"46",9,9,7,10,10,10,2,1,0,0,1,0,2,0,1,2,2,2,2,3,NA,1,NA,3,1,0,1,1,1,1,1,1,0,0,0,0,1,1,8,0,5,5,5,8,10,0,NA,3,0,0,3,NA,7,0,1,0,9,4,10,8,10,10,1,0,1,0,1,0,1,1,0,0,1,1,10,10,10
"47",5,0,NA,2,0,0,0,0,0,0,0,0,1,0,0,0,0,0,0,3,NA,NA,NA,NA,NA,NA,NA,NA,NA,NA,NA,1,0,1,0,0,0,0,0,0,0,0,0,0,5,NA,NA,NA,NA,NA,NA,3,NA,0,0,0,NA,NA,NA,NA,NA,NA,1,0,1,0,0,0,1,0,1,0,0,0,NA,NA,NA
"48",8,7,10,9,7,8,2,1,1,0,0,0,1,NA,1,2,NA,NA,NA,2,NA,0,0,NA,NA,NA,1,1,1,1,NA,1,0,1,0,0,1,1,2,0,10,0,2,5,0,NA,NA,3,NA,NA,3,NA,9,1,0,0,9,2,6,9,6,8,1,0,0,1,1,1,1,0,0,0,1,0,2,7,NA
"49",5,4,NA,10,9,8,1,1,0,0,1,0,1,0,0,0,0,0,1,2,NA,NA,NA,NA,NA,2,0,0,1,0,0,1,1,0,1,0,1,0,3,1,0,0,0,0,1,0,NA,NA,NA,NA,NA,NA,0,0,0,0,1,0,3,0,3,8,1,0,1,0,0,0,0,0,0,0,0,0,NA,NA,NA
"50",2,2,NA,8,0,0,0,0,0,1,0,0,0,0,0,0,0,0,0,NA,NA,NA,NA,NA,NA,NA,NA,NA,NA,NA,NA,0,0,0,0,0,0,0,0,0,0,0,0,0,0,NA,NA,NA,NA,NA,NA,NA,0,0,0,0,0,0,0,0,0,0,1,0,1,0,0,0,1,0,0,0,0,1,NA,NA,NA
"51",6,0,NA,10,10,1,0,0,0,0,0,0,1,1,0,0,0,0,0,2,1,NA,NA,NA,NA,NA,NA,NA,NA,NA,NA,0,0,0,0,0,0,0,1,5,0,0,0,0,1,NA,1,NA,NA,NA,NA,NA,0,0,0,0,3,0,0,0,0,0,1,1,1,0,0,1,1,0,0,1,0,0,5,5,0
"52",4,0,NA,10,10,0,0,0,0,0,0,0,0,0,0,0,0,0,0,NA,NA,NA,NA,NA,NA,NA,NA,NA,NA,NA,NA,1,1,0,1,1,0,0,0,0,0,0,0,0,10,NA,NA,NA,NA,NA,NA,0,0,0,0,0,NA,NA,0,0,0,8,1,0,1,0,0,1,0,0,0,0,0,0,NA,NA,NA
"53",8,5,8,10,10,10,2,0,0,0,1,0,2,2,0,0,1,1,0,2,1,NA,NA,1,0,NA,1,1,1,1,0,1,0,0,0,0,1,1,4,0,4,5,0,0,6,2,NA,3,3,NA,NA,2,0,0,0,0,4,5,4,5,6,7,1,1,1,0,0,1,1,1,1,1,0,0,7,7,7
"54",6,0,NA,10,7,10,2,0,0,0,1,0,1,0,0,0,0,0,0,2,NA,NA,NA,NA,NA,NA,0,0,1,0,0,1,1,1,0,0,1,0,8,3,0,0,0,0,5,NA,NA,NA,NA,NA,NA,0,NA,0,0,0,NA,NA,NA,NA,NA,10,1,0,1,0,1,0,1,1,0,1,1,1,NA,NA,NA
"55",6,2,NA,8,2,2,2,0,0,0,0,0,2,0,0,0,1,0,0,1,NA,NA,NA,2,NA,NA,0,0,0,0,1,1,1,0,0,1,1,0,5,0,5,1,0,0,9,0,NA,2,NA,NA,NA,1,NA,0,0,0,1,2,3,0,9,8,1,1,0,0,1,1,0,1,0,0,0,1,NA,NA,NA
"56",5,3,NA,10,10,10,1,0,0,0,1,0,1,0,0,0,2,0,0,2,NA,NA,NA,1,NA,NA,0,0,1,0,0,1,1,0,1,0,0,1,2,1,1,1,1,1,8,NA,NA,NA,NA,NA,NA,0,0,0,0,0,0,0,0,0,0,0,1,0,1,0,0,0,1,1,1,1,0,0,NA,NA,NA
"57",5,0,NA,10,10,2,1,0,0,0,0,1,2,0,0,0,0,0,0,3,NA,NA,NA,NA,NA,NA,0,0,1,0,1,1,0,1,0,NA,0,0,3,3,0,0,0,0,10,3,3,NA,NA,NA,NA,0,1,0,0,0,0,0,1,0,2,2,1,1,1,0,1,0,0,0,0,0,1,0,NA,NA,NA
"58",7,0,NA,10,10,3,1,0,0,1,0,0,2,0,0,0,0,1,0,3,NA,NA,NA,NA,0,NA,0,0,0,0,1,1,0,1,1,1,0,1,3,0,0,0,7,3,10,1,NA,NA,NA,1,1,0,2,0,0,0,1,0,0,0,10,8,1,1,1,0,1,0,1,0,0,1,0,0,NA,NA,NA
"59",10,5,7,10,8,7,1,1,0,0,0,0,2,1,1,1,2,0,1,3,1,1,0,2,NA,1,1,1,1,1,1,1,1,0,0,0,1,0,6,5,7,1,7,6,8,0,1,1,NA,1,0,0,2,0,0,0,4,5,7,5,5,5,1,0,1,1,1,0,1,1,0,1,1,0,8,8,7
"60",3,4,NA,10,10,0,0,0,0,0,0,0,0,0,0,0,0,0,0,NA,NA,NA,NA,NA,NA,NA,NA,NA,NA,NA,NA,1,1,1,0,0,0,0,0,0,0,0,0,0,10,NA,NA,NA,NA,NA,NA,0,NA,0,0,0,NA,NA,10,NA,10,7,1,1,0,0,0,0,1,1,0,0,0,NA,NA,NA,NA
"61",1,0,NA,10,10,4,1,0,0,0,0,0,0,0,0,0,0,0,0,NA,NA,NA,NA,NA,NA,NA,0,0,0,0,0,1,1,0,0,0,0,0,0,0,0,0,0,2,10,NA,NA,NA,NA,NA,NA,0,0,0,0,0,NA,NA,0,0,9,10,1,0,1,0,0,1,1,0,1,0,0,1,NA,NA,NA
"62",8,0,NA,10,10,10,2,0,0,0,0,0,2,0,0,0,0,0,0,3,NA,NA,NA,NA,NA,NA,0,0,0,1,1,1,1,1,0,0,0,1,5,0,5,0,5,5,10,0,NA,0,NA,0,0,0,5,1,0,0,NA,NA,8,NA,NA,9,1,0,1,0,0,0,1,0,1,0,0,0,10,5,5
"63",9,8,6,9,5,9,0,1,1,1,0,1,2,1,1,1,2,1,0,3,0,0,0,1,1,NA,NA,NA,NA,NA,NA,1,1,0,0,1,0,1,2,2,1,1,7,7,8,NA,NA,NA,NA,1,1,1,2,0,0,0,0,0,5,0,8,8,1,1,1,NA,1,1,1,0,0,1,0,0,7,6,8
"64",6,5,3,10,8,2,0,0,0,1,0,0,2,0,0,0,0,0,0,3,NA,NA,NA,NA,NA,NA,NA,NA,NA,NA,NA,1,0,0,0,0,1,0,0,0,0,0,0,1,9,NA,NA,NA,NA,NA,NA,0,1,0,0,0,0,0,8,0,0,9,1,0,0,0,0,0,0,0,0,0,0,0,NA,NA,NA
"65",6,5,4,8,7,4,1,1,0,0,1,0,1,0,0,0,1,0,1,2,NA,NA,NA,0,NA,0,1,0,1,0,1,1,0,0,0,0,1,0,1,0,1,0,0,0,5,NA,NA,NA,NA,NA,NA,0,0,0,0,0,1,1,4,1,3,6,1,NA,1,0,1,0,0,0,0,1,1,1,NA,NA,NA
"66",5,1,NA,6,5,5,1,0,0,1,0,0,1,0,0,0,0,0,0,2,NA,NA,NA,NA,NA,NA,0,0,1,1,0,1,1,1,0,0,0,1,5,5,0,0,0,5,8,3,2,NA,NA,NA,2,1,1,0,0,0,6,1,1,1,0,0,1,1,1,0,1,0,1,0,0,1,1,1,8,8,1
"67",7,0,NA,10,7,1,0,0,0,0,0,0,1,0,0,0,0,0,0,1,NA,NA,NA,NA,NA,NA,NA,NA,NA,NA,NA,1,0,0,0,0,0,0,0,0,0,0,0,0,7,NA,NA,NA,NA,NA,NA,0,NA,0,0,0,NA,NA,NA,NA,NA,9,1,0,0,0,0,0,0,1,1,1,0,0,NA,NA,NA
"68",5,3,NA,7,6,7,1,1,0,0,0,0,2,0,0,1,1,1,1,3,NA,NA,0,0,0,1,1,0,1,0,0,1,1,0,1,0,1,0,7,2,5,6,5,7,8,0,NA,0,1,0,1,1,4,0,0,0,2,3,5,5,6,7,1,1,1,0,1,1,1,0,0,0,0,0,3,5,4
"69",NA,6,2,10,6,7,0,1,0,0,0,1,0,0,0,0,0,0,0,NA,NA,NA,NA,NA,NA,NA,NA,NA,NA,NA,NA,1,1,1,1,0,0,0,2,2,2,2,2,2,7,NA,NA,NA,NA,NA,NA,0,NA,0,0,0,NA,NA,NA,NA,NA,7,1,0,1,0,0,0,0,0,1,0,0,0,NA,NA,NA
"70",10,0,NA,10,10,NA,0,0,0,0,0,0,1,1,1,0,1,0,0,1,NA,1,NA,NA,NA,NA,NA,NA,NA,NA,NA,1,1,1,0,0,0,1,4,3,0,0,3,3,9,NA,NA,NA,NA,NA,NA,0,0,0,0,0,3,0,0,0,0,0,1,1,1,0,0,1,1,0,0,1,0,0,10,10,NA
"71",8,3,NA,8,8,3,0,0,0,0,1,0,1,1,0,0,0,1,0,2,0,NA,NA,NA,1,NA,NA,NA,NA,NA,NA,1,1,0,1,1,0,0,3,4,2,3,2,NA,7,1,2,NA,0,NA,NA,0,NA,0,0,0,1,0,1,1,3,4,1,1,1,0,0,1,1,0,0,0,1,1,NA,NA,NA
"72",5,5,5,5,7,8,1,1,1,0,0,0,1,1,0,0,0,0,0,1,1,NA,NA,NA,NA,NA,1,0,1,0,0,1,1,1,1,0,0,1,2,3,1,2,1,7,8,NA,1,NA,NA,NA,NA,0,4,1,1,0,7,5,6,5,3,3,1,0,1,0,0,1,0,0,0,0,1,0,NA,NA,NA
"73",8,0,NA,8,8,8,2,0,0,0,1,0,1,0,0,0,0,0,0,2,NA,NA,NA,NA,NA,NA,1,1,1,0,0,1,1,0,0,0,0,0,0,0,4,0,0,0,6,NA,NA,NA,NA,NA,NA,0,0,0,0,0,NA,2,4,2,0,NA,1,0,1,0,1,1,1,1,0,1,1,1,10,10,10
"74",3,0,NA,10,7,7,1,0,0,0,1,0,0,0,0,0,0,0,0,NA,NA,NA,NA,NA,NA,NA,0,0,1,0,0,1,1,1,0,0,0,1,5,3,7,0,0,0,10,0,0,0,NA,NA,NA,0,1,0,0,0,6,2,1,1,1,1,1,0,1,0,1,1,1,1,1,1,0,1,6,5,NA
"75",4,2,NA,10,7,6,1,1,0,0,0,0,1,0,1,0,0,1,0,0,NA,2,NA,NA,0,NA,1,0,1,1,1,1,1,1,0,0,1,1,2,0,7,0,7,3,7,NA,NA,1,NA,3,0,0,1,0,0,0,6,6,6,6,1,2,1,0,1,0,1,0,1,1,1,0,1,1,7,7,6
"76",5,0,NA,10,4,10,1,0,0,1,1,0,1,1,2,0,1,0,0,2,1,3,NA,1,NA,NA,0,0,1,0,0,1,0,1,0,0,0,1,0,0,0,0,0,0,0,NA,NA,NA,NA,NA,NA,NA,NA,0,0,0,NA,NA,NA,NA,NA,NA,1,0,1,0,0,0,1,0,1,0,0,0,NA,NA,NA
"77",8,2,NA,7,1,5,1,0,0,0,1,0,1,1,0,0,0,0,1,0,0,NA,NA,NA,NA,0,0,0,0,0,0,1,1,0,0,0,0,0,1,1,0,0,0,0,7,NA,NA,NA,NA,NA,NA,NA,0,0,0,0,0,0,0,0,0,0,1,0,1,0,0,0,1,1,0,0,0,0,NA,NA,NA
"78",0,0,NA,10,6,0,0,0,0,0,0,0,0,0,0,0,0,0,0,NA,NA,NA,NA,NA,NA,NA,NA,NA,NA,NA,NA,1,1,0,1,0,0,0,0,0,0,0,0,0,8,NA,NA,NA,NA,NA,NA,0,0,0,0,0,0,7,0,0,0,5,1,NA,1,NA,NA,NA,NA,NA,NA,NA,NA,NA,NA,NA,NA
"79",9,1,NA,10,2,3,0,0,0,0,0,0,2,0,0,0,0,0,0,3,NA,NA,NA,NA,NA,NA,NA,NA,NA,NA,NA,1,0,1,0,0,0,0,0,0,0,0,0,0,10,NA,NA,NA,NA,NA,NA,0,2,0,0,0,NA,NA,0,0,0,0,1,0,1,0,0,0,1,NA,1,0,0,0,NA,NA,NA
"80",9,5,3,10,10,2,0,1,0,0,0,0,0,0,0,0,0,0,0,NA,NA,NA,NA,NA,NA,NA,NA,NA,NA,NA,NA,1,0,0,0,0,0,0,0,0,0,0,0,0,5,NA,NA,NA,NA,NA,NA,1,0,0,0,0,2,2,9,2,9,9,0,1,0,0,0,0,0,0,0,1,0,1,NA,NA,NA
"81",8,0,NA,10,5,5,0,0,0,0,1,0,2,0,0,0,0,1,0,2,NA,NA,NA,NA,0,NA,NA,NA,NA,NA,NA,1,1,0,1,1,0,0,0,5,0,0,0,0,10,NA,NA,NA,NA,NA,NA,2,0,0,0,0,0,0,0,0,0,NA,1,1,1,0,0,0,0,0,0,0,0,0,5,0,0
"82",1,0,NA,10,10,5,1,0,0,0,0,0,0,0,0,0,0,0,0,NA,NA,NA,NA,NA,NA,NA,0,NA,0,0,0,1,0,1,0,1,0,0,2,0,0,2,0,0,10,NA,NA,NA,NA,NA,NA,0,0,0,0,0,2,1,1,1,7,5,1,0,1,0,0,0,1,0,0,0,0,0,NA,NA,NA
"83",2,1,NA,10,10,0,0,0,0,0,0,0,1,0,0,0,0,0,0,1,NA,NA,NA,NA,NA,NA,NA,NA,NA,NA,NA,1,1,0,0,0,0,0,1,0,0,0,0,0,10,NA,NA,NA,NA,NA,NA,0,NA,0,0,0,NA,NA,NA,NA,NA,9,1,1,1,0,0,0,1,0,0,1,0,1,NA,NA,NA
"84",7,2,NA,4,2,2,0,1,0,0,0,0,1,0,0,0,0,0,0,NA,NA,NA,NA,NA,NA,NA,NA,NA,NA,NA,NA,0,0,0,0,1,1,0,0,0,0,0,0,0,2,NA,NA,NA,NA,NA,NA,NA,NA,0,0,0,NA,NA,NA,NA,NA,NA,1,1,1,0,0,1,0,0,0,0,0,1,NA,NA,NA
"85",0,0,NA,10,10,0,0,0,0,0,0,0,2,0,0,0,0,1,1,2,NA,NA,NA,NA,0,0,NA,NA,NA,NA,NA,1,NA,NA,1,1,0,0,0,0,0,0,0,0,10,NA,NA,NA,NA,NA,NA,0,NA,0,0,0,NA,NA,NA,NA,NA,10,1,1,1,0,1,0,1,0,0,0,0,1,NA,NA,NA
"86",3,4,NA,10,8,7,1,0,1,0,0,0,0,0,0,1,0,1,0,NA,NA,NA,2,NA,0,NA,0,0,1,0,0,1,0,0,0,0,0,1,2,3,0,0,0,8,8,NA,1,NA,NA,NA,3,1,3,0,1,0,4,0,1,1,4,3,1,1,0,1,1,1,0,0,1,1,1,1,3,2,2
"87",9,0,NA,10,6,5,1,0,1,1,0,0,2,0,0,0,1,1,0,2,NA,NA,NA,0,0,NA,0,0,1,0,1,1,1,0,0,1,0,0,5,2,0,0,0,6,10,1,NA,NA,NA,NA,3,0,0,0,0,0,0,0,2,0,3,4,1,1,1,0,1,1,1,1,0,0,0,0,9,8,1
"88",1,0,NA,10,4,8,1,0,0,0,1,0,1,0,0,0,0,0,0,2,NA,NA,NA,NA,NA,NA,0,0,1,0,0,1,0,0,0,0,0,0,0,0,0,0,0,0,7,NA,NA,NA,NA,NA,NA,0,NA,0,0,0,NA,NA,NA,NA,NA,9,1,0,1,0,0,0,0,0,0,0,0,0,NA,NA,NA
"89",5,0,NA,10,7,2,0,0,0,0,0,0,0,0,0,0,0,0,0,NA,NA,NA,NA,NA,NA,NA,NA,NA,NA,NA,NA,1,1,0,1,1,0,0,0,0,0,0,0,0,10,NA,NA,NA,NA,NA,NA,0,NA,0,0,0,NA,NA,NA,NA,9,9,1,1,1,0,0,0,1,0,0,0,0,0,NA,NA,NA
"90",9,5,7,10,9,9,2,0,0,0,1,1,2,1,0,0,2,0,1,3,1,NA,NA,1,NA,2,1,1,1,1,1,1,1,1,1,0,1,0,7,3,8,1,1,2,4,3,2,3,NA,NA,NA,3,5,1,0,0,8,8,8,8,6,7,1,1,1,0,1,1,1,1,1,1,1,1,6,6,5
"91",7,0,NA,4,4,4,2,0,0,0,0,0,1,0,1,1,0,0,2,0,NA,0,2,NA,NA,0,1,0,1,0,1,1,0,0,0,1,0,1,0,0,0,8,3,4,8,NA,NA,NA,2,3,2,1,4,0,0,0,2,5,2,4,5,3,0,0,1,0,1,1,1,0,1,0,1,0,3,NA,7
"92",0,0,NA,10,10,0,0,0,0,0,0,0,0,0,0,0,0,0,0,NA,NA,NA,NA,NA,NA,NA,NA,NA,NA,NA,NA,1,0,0,0,0,0,0,0,0,0,0,0,0,3,NA,NA,NA,NA,NA,NA,0,0,0,0,0,NA,NA,NA,NA,NA,5,1,1,1,0,0,0,1,0,0,0,0,0,NA,NA,NA
"93",2,2,NA,8,1,3,1,1,0,0,0,0,1,0,2,2,0,0,1,0,NA,1,0,NA,NA,1,0,0,0,1,1,1,1,0,0,0,1,1,3,1,4,3,4,4,5,1,NA,1,1,2,2,0,2,0,0,0,3,3,3,2,3,7,1,0,0,0,1,0,0,NA,0,0,0,NA,4,1,4
"94",2,0,NA,4,8,7,2,0,0,0,0,1,1,0,0,0,0,0,0,3,NA,NA,NA,NA,NA,NA,0,0,1,1,0,1,1,1,1,0,1,0,4,0,3,5,0,0,2,3,NA,3,3,NA,NA,NA,0,0,0,0,0,0,0,0,0,4,1,0,1,0,0,0,1,1,0,0,0,0,7,8,3
"95",8,0,NA,0,9,9,2,0,0,0,1,1,2,1,0,0,0,1,1,3,2,NA,NA,NA,1,1,0,0,1,0,0,1,1,1,1,1,0,0,5,2,0,0,0,0,5,0,NA,NA,NA,NA,NA,0,0,0,0,0,4,0,0,0,0,0,1,0,1,0,1,1,1,1,1,1,1,1,10,5,6
"96",3,0,NA,2,9,5,0,0,0,0,1,1,0,0,0,0,0,0,0,NA,NA,NA,NA,NA,NA,NA,NA,NA,NA,NA,NA,1,1,1,1,0,0,0,0,0,0,0,0,0,10,NA,NA,NA,NA,NA,NA,0,0,0,0,0,0,0,0,0,0,8,0,0,0,0,0,0,1,0,0,1,0,0,NA,NA,NA
"97",5,5,6,10,10,10,2,1,0,0,0,0,1,NA,2,1,2,1,2,1,NA,2,2,0,0,2,1,1,1,1,1,1,1,0,0,0,1,1,1,0,8,8,9,4,8,NA,NA,0,1,3,0,0,2,0,0,0,1,1,8,1,6,7,1,1,1,0,1,1,1,0,0,1,1,0,4,4,4
"98",6,1,NA,10,10,10,1,0,0,0,1,0,2,2,0,0,2,0,2,3,1,NA,NA,1,NA,3,1,1,1,1,1,1,1,0,0,0,0,0,10,10,1,2,1,1,10,1,1,NA,NA,NA,NA,1,NA,0,0,0,10,2,2,1,3,3,1,0,1,0,0,1,1,0,1,1,1,0,3,10,3
"99",0,0,NA,10,10,0,0,0,0,0,0,1,0,0,0,0,0,0,0,NA,NA,NA,NA,NA,NA,NA,NA,NA,NA,NA,NA,1,1,0,0,0,0,0,0,1,0,0,0,0,8,NA,NA,NA,NA,NA,NA,0,NA,0,0,0,NA,0,NA,NA,NA,7,1,0,1,0,0,0,0,0,0,0,0,0,NA,NA,NA
"100",7,6,7,9,8,8,2,1,0,0,1,0,1,0,0,2,0,2,2,2,NA,NA,0,NA,0,2,1,1,1,1,1,1,0,0,0,0,1,1,7,0,7,8,2,8,9,1,NA,1,3,NA,3,3,6,0,0,0,4,5,6,6,8,8,1,1,1,1,1,1,1,0,0,1,1,0,7,8,7
"101",10,4,NA,10,3,8,0,1,0,0,0,0,1,0,0,0,0,0,0,0,NA,NA,NA,NA,NA,NA,NA,NA,NA,NA,NA,1,0,0,0,0,1,0,2,0,2,0,2,2,2,NA,NA,NA,NA,NA,NA,NA,0,0,0,0,0,0,3,1,8,7,1,0,1,0,0,0,1,0,0,0,0,0,NA,NA,NA
"102",8,3,NA,8,8,7,1,0,0,0,1,0,2,2,NA,0,0,0,0,0,2,NA,NA,NA,NA,NA,0,0,1,0,0,1,1,0,0,0,NA,NA,5,7,0,6,0,0,7,1,NA,NA,1,NA,NA,1,0,0,0,0,7,7,7,0,6,7,1,0,1,0,1,1,1,0,0,0,0,1,8,8,8
"103",3,2,NA,10,1,1,0,0,0,0,0,0,2,0,0,0,0,1,0,2,NA,NA,NA,NA,0,NA,NA,NA,NA,NA,NA,1,1,1,0,0,0,0,1,1,0,6,1,0,10,NA,NA,NA,1,NA,NA,0,0,0,0,0,0,0,0,0,1,NA,1,0,0,0,1,1,1,1,1,1,0,0,NA,NA,0
"104",2,1,NA,10,10,5,1,0,0,0,0,1,2,0,0,1,0,1,0,2,NA,NA,2,NA,0,NA,0,0,1,0,0,1,1,1,0,0,0,0,0,2,0,0,0,0,7,NA,NA,NA,NA,NA,NA,0,2,0,0,0,NA,7,0,0,7,10,1,1,1,0,1,1,1,0,0,0,0,0,NA,NA,NA
"105",10,10,7,10,10,4,1,1,0,0,0,0,1,0,0,2,0,0,0,2,NA,NA,0,NA,NA,NA,1,0,1,0,1,1,0,0,0,1,1,1,0,0,10,0,0,7,10,NA,NA,3,NA,NA,3,3,2,0,0,0,0,2,10,0,9,8,1,NA,1,1,NA,NA,1,1,1,0,1,NA,2,2,7
"106",7,7,3,7,1,2,1,0,0,0,0,0,2,0,0,0,2,1,0,1,NA,NA,NA,0,0,NA,0,0,1,0,0,0,NA,NA,NA,NA,1,0,0,0,0,3,NA,0,7,NA,NA,NA,NA,NA,NA,0,0,0,0,0,0,0,2,0,1,3,1,1,1,0,1,0,1,1,0,0,0,0,NA,NA,NA
"107",8,8,7,9,8,10,2,1,0,0,0,0,2,0,1,0,1,1,2,2,NA,0,NA,0,0,1,0,0,1,1,1,1,1,1,0,0,0,0,5,0,6,6,4,0,6,1,NA,1,1,0,NA,2,0,0,0,0,6,4,8,4,6,8,1,1,1,0,0,1,0,0,0,0,1,0,6,5,5
"108",5,4,NA,8,4,2,0,0,0,0,1,1,2,0,0,0,2,0,0,2,NA,NA,NA,1,NA,NA,NA,NA,NA,NA,NA,1,1,1,0,1,0,0,0,0,0,0,0,0,8,NA,NA,NA,NA,NA,NA,3,0,0,0,0,6,3,0,0,4,4,1,1,1,0,1,1,1,0,0,0,0,0,NA,NA,NA
"109",0,3,NA,10,NA,5,0,1,0,1,1,0,0,0,1,2,0,0,0,NA,NA,0,2,NA,NA,NA,NA,NA,NA,NA,NA,1,1,NA,NA,NA,1,1,0,0,0,2,NA,8,5,NA,NA,NA,NA,NA,0,0,3,1,0,0,5,3,10,3,7,4,1,1,1,0,0,0,1,0,0,0,0,0,7,5,5
"110",7,0,NA,6,2,7,1,1,0,0,0,0,2,NA,NA,NA,NA,NA,NA,1,NA,NA,NA,NA,NA,NA,1,NA,NA,1,NA,1,NA,NA,1,NA,1,NA,3,NA,NA,NA,NA,NA,8,0,NA,NA,NA,NA,NA,0,1,0,0,0,5,6,2,NA,5,3,1,1,1,NA,NA,NA,NA,NA,NA,NA,NA,NA,NA,NA,NA
"111",4,3,NA,8,5,3,1,0,0,1,0,0,2,0,0,1,0,1,0,3,NA,NA,2,NA,0,NA,0,0,1,0,1,1,1,0,1,1,0,1,2,3,0,0,0,8,10,NA,3,NA,NA,NA,1,0,2,0,0,0,2,0,0,0,4,6,1,1,1,0,1,0,1,0,1,0,0,0,5,8,NA
"112",7,7,3,9,6,8,2,1,0,0,0,0,2,1,2,2,1,2,2,2,0,1,0,0,1,1,0,0,1,1,1,1,1,0,1,0,1,1,7,6,7,7,7,8,7,1,1,2,2,2,3,2,8,1,0,1,7,5,7,7,4,6,1,1,0,1,1,1,1,1,0,1,1,0,8,8,6
"113",2,1,NA,8,8,7,1,0,0,0,1,0,1,0,0,1,0,0,0,2,NA,NA,0,NA,NA,NA,0,0,1,1,0,1,1,0,0,0,1,1,2,1,2,0,0,1,8,NA,NA,NA,NA,NA,NA,0,0,0,0,0,1,0,1,0,1,3,1,0,1,0,1,1,1,1,0,0,0,0,NA,NA,NA
"114",10,4,NA,10,10,8,1,1,0,0,1,1,2,0,0,1,2,0,1,2,NA,NA,2,0,NA,0,1,1,1,1,1,1,1,1,1,0,1,1,6,7,8,7,0,0,10,0,1,3,0,NA,NA,0,1,0,0,0,10,6,10,8,8,10,1,0,1,0,0,0,1,1,0,1,1,1,7,7,7
"115",NA,4,NA,10,8,10,2,1,0,0,1,0,1,1,0,0,0,0,0,1,1,NA,NA,NA,NA,NA,0,0,0,0,0,1,1,1,0,0,0,0,8,10,0,0,0,0,10,0,3,NA,NA,NA,NA,3,0,0,0,0,9,1,1,1,1,9,1,0,0,0,1,0,0,1,1,1,0,1,10,8,8
"116",7,2,NA,10,7,5,0,0,0,1,0,0,2,0,0,1,1,0,0,3,NA,NA,2,0,NA,NA,NA,NA,NA,NA,NA,1,1,1,0,1,0,1,1,0,0,0,0,1,2,NA,NA,NA,NA,NA,NA,NA,0,0,0,0,2,0,0,0,2,8,1,0,0,0,0,0,1,1,1,0,0,1,NA,NA,NA
"117",4,4,NA,9,9,1,0,0,0,0,0,0,2,1,0,1,0,1,0,2,0,NA,2,NA,1,NA,NA,NA,NA,NA,NA,1,1,1,1,1,0,0,0,0,0,5,0,3,10,NA,NA,NA,NA,NA,NA,0,0,0,0,0,0,4,0,0,4,4,1,1,1,0,1,1,1,1,0,1,0,1,10,NA,NA
"118",7,6,3,10,4,1,0,1,0,0,0,0,1,0,0,0,0,0,0,0,NA,NA,NA,NA,NA,NA,NA,NA,NA,NA,NA,0,0,0,0,0,0,0,1,0,1,0,NA,1,8,NA,NA,NA,NA,NA,NA,3,NA,0,0,0,NA,NA,7,NA,8,10,1,1,1,0,1,0,1,0,0,0,1,1,NA,NA,NA
"119",5,3,NA,NA,3,4,1,1,0,0,0,0,0,0,NA,NA,1,NA,0,NA,NA,NA,NA,3,NA,NA,1,0,0,NA,1,1,1,NA,NA,NA,1,1,3,NA,NA,3,NA,3,3,NA,NA,NA,NA,NA,0,NA,NA,0,0,0,1,3,3,NA,0,0,1,1,1,NA,NA,1,1,NA,NA,NA,NA,NA,NA,NA,NA
"120",10,10,7,10,2,7,2,1,0,1,0,0,1,0,2,1,1,1,1,0,NA,2,2,0,0,0,1,0,1,1,1,0,0,0,0,0,1,1,10,8,7,7,10,10,10,0,0,0,0,0,0,0,NA,0,0,0,10,2,NA,NA,5,8,1,1,1,0,0,0,1,0,0,1,0,0,7,7,7
"121",3,3,NA,10,7,5,1,0,0,0,1,1,2,2,0,0,0,0,0,2,2,NA,NA,NA,NA,NA,0,0,1,0,0,0,1,1,0,0,0,0,6,5,0,0,0,0,6,0,0,NA,NA,NA,NA,0,0,0,0,0,7,0,0,0,0,7,1,0,0,0,0,0,1,0,0,0,0,0,5,0,0
"122",4,10,2,9,9,9,2,0,1,0,0,0,1,1,1,1,0,0,0,0,0,0,2,NA,NA,NA,0,0,1,0,1,1,0,0,0,0,0,1,6,3,2,0,3,6,9,1,1,NA,NA,1,3,3,3,0,0,0,2,2,7,0,5,3,1,1,1,1,0,0,1,0,0,1,0,0,4,4,4
"123",2,4,NA,10,10,8,1,1,0,0,0,0,0,0,0,0,0,0,0,NA,NA,NA,NA,NA,NA,NA,0,0,1,1,1,1,1,0,0,0,0,0,0,0,0,1,0,0,3,NA,NA,NA,NA,NA,NA,0,0,0,0,0,NA,NA,10,3,7,8,1,0,1,0,0,0,0,0,0,0,0,0,NA,NA,NA
"124",2,2,NA,10,3,6,1,0,0,0,1,0,1,0,0,0,0,0,0,2,NA,NA,NA,NA,NA,NA,0,0,1,0,0,1,1,1,1,0,0,0,0,0,0,0,0,0,0,NA,NA,NA,NA,NA,NA,NA,0,0,0,0,0,0,0,0,0,0,1,0,1,0,1,0,1,1,0,1,1,1,NA,NA,NA
"125",10,5,2,4,0,0,0,0,0,0,0,0,2,0,0,0,0,1,0,2,NA,NA,NA,NA,1,NA,NA,NA,NA,NA,NA,1,1,0,0,1,0,0,0,0,0,0,0,0,10,NA,NA,NA,NA,NA,NA,0,0,0,0,0,NA,NA,NA,NA,NA,10,1,1,1,0,1,1,1,0,0,1,0,1,NA,NA,NA
"126",5,0,NA,10,10,5,0,0,0,0,0,0,0,0,0,0,0,0,0,NA,NA,NA,NA,NA,NA,NA,NA,NA,NA,NA,NA,1,NA,1,0,0,0,0,NA,0,0,5,0,0,10,NA,NA,NA,1,NA,NA,3,5,0,0,0,0,0,0,0,0,10,1,NA,1,NA,1,NA,1,1,NA,NA,1,1,NA,NA,NA
"127",8,1,NA,7,9,1,2,1,0,0,0,1,2,0,0,0,0,0,0,1,NA,NA,NA,NA,NA,NA,0,0,0,0,0,1,0,0,0,0,0,1,1,0,0,0,0,6,9,NA,NA,NA,NA,NA,3,0,5,0,0,0,0,0,4,0,6,10,1,0,1,0,0,1,0,0,0,0,0,0,7,NA,6
"128",9,3,NA,8,7,8,1,1,0,0,0,1,2,1,1,1,2,1,2,2,1,0,0,3,1,2,1,1,1,1,1,1,1,0,0,1,1,0,4,2,9,3,2,2,7,1,NA,0,3,NA,NA,2,4,0,1,0,4,8,9,6,8,10,1,0,1,1,1,1,1,1,1,1,1,0,7,5,4
"129",10,10,5,0,8,8,2,0,0,0,1,0,2,1,0,0,0,0,0,3,0,NA,NA,NA,NA,NA,0,0,1,0,0,1,1,1,0,0,0,0,5,0,0,0,0,0,0,0,NA,NA,NA,NA,NA,NA,0,0,0,0,0,0,0,0,0,0,1,0,1,0,0,0,1,1,0,0,0,0,0,0,0
"130",5,1,NA,2,2,2,1,0,0,0,0,0,0,0,0,0,0,0,0,NA,NA,NA,NA,NA,NA,NA,0,0,0,0,0,0,0,0,0,0,0,0,0,0,0,0,0,0,7,NA,NA,NA,NA,NA,NA,2,2,0,0,0,0,0,0,0,0,5,0,1,1,0,0,0,0,1,1,1,1,1,NA,NA,NA
"131",4,2,NA,5,9,7,0,0,0,1,0,0,1,0,0,0,0,0,0,1,NA,NA,NA,NA,NA,NA,NA,NA,NA,NA,NA,1,1,1,0,1,0,0,6,8,0,0,6,8,10,1,1,NA,NA,1,1,0,NA,0,0,0,8,NA,NA,NA,6,8,1,0,1,0,0,0,1,1,1,0,0,0,8,8,NA
"132",0,5,0,10,10,7,0,0,0,0,1,0,1,0,0,0,0,0,0,2,NA,NA,NA,NA,NA,NA,NA,NA,NA,NA,NA,1,1,1,0,0,0,0,0,0,0,0,0,0,8,NA,NA,NA,NA,NA,NA,NA,0,0,0,0,0,0,0,0,0,6,1,0,1,0,0,0,1,0,1,0,0,0,NA,NA,NA
"133",10,6,8,5,6,8,2,0,0,0,0,1,0,0,0,1,0,0,2,NA,NA,NA,2,NA,NA,2,1,0,1,1,1,1,0,0,0,0,0,1,0,0,0,4,0,3,5,NA,NA,NA,3,NA,1,0,2,0,0,0,7,7,7,NA,4,7,1,1,1,0,0,1,0,0,0,0,1,0,NA,NA,5
"134",0,0,NA,10,10,0,0,0,0,0,0,0,0,0,0,0,0,0,0,NA,NA,NA,NA,NA,NA,NA,NA,NA,NA,NA,NA,1,1,1,NA,1,0,0,0,0,0,0,0,0,8,NA,NA,NA,NA,NA,NA,0,0,0,0,0,NA,NA,NA,NA,NA,8,1,0,0,0,0,0,0,0,0,0,0,0,NA,NA,NA
"135",1,1,NA,10,10,7,0,0,0,0,0,0,0,0,0,0,0,0,0,NA,NA,NA,NA,NA,NA,NA,NA,NA,NA,NA,NA,1,1,1,0,0,0,0,0,0,0,0,0,0,0,NA,NA,NA,NA,NA,NA,NA,0,0,0,0,0,0,0,0,0,3,1,0,1,0,0,0,1,0,1,1,1,1,NA,NA,NA
"136",7,0,NA,10,10,10,1,0,0,0,1,0,1,0,0,0,0,0,0,0,NA,NA,NA,NA,NA,NA,1,1,1,0,0,1,0,0,0,0,NA,NA,5,5,10,0,0,0,4,0,0,0,NA,NA,NA,0,NA,0,0,0,NA,NA,NA,NA,8,NA,1,1,1,0,0,1,1,0,1,0,1,1,8,NA,NA
"137",3,0,NA,7,3,7,0,0,0,0,1,0,1,0,0,0,0,0,1,0,NA,NA,NA,NA,NA,2,NA,NA,NA,NA,NA,1,0,0,0,1,0,0,3,0,2,3,0,0,5,0,NA,NA,0,NA,NA,0,0,0,0,0,2,1,0,0,0,7,1,1,1,NA,0,0,1,0,0,0,0,0,NA,NA,NA
"138",0,0,NA,5,0,3,1,1,0,0,0,0,1,0,0,1,1,0,1,1,NA,NA,2,0,NA,0,1,0,0,0,0,1,1,1,0,0,1,0,0,0,1,3,0,2,5,NA,NA,NA,NA,NA,NA,0,1,0,0,0,2,0,3,0,3,1,1,1,1,0,0,0,1,0,0,0,0,1,NA,NA,NA
"139",2,0,NA,10,10,10,2,0,0,0,0,0,2,2,0,2,0,0,0,3,3,NA,0,NA,NA,NA,0,0,1,1,0,1,1,1,0,0,1,1,8,8,0,0,0,10,10,0,0,NA,NA,NA,0,0,6,0,0,0,0,0,0,0,9,9,1,0,1,0,1,1,1,1,1,1,1,0,10,10,3
"140",9,8,5,10,4,4,1,0,0,0,1,0,2,0,0,0,0,1,0,2,NA,NA,NA,NA,0,NA,0,0,1,0,1,1,1,1,1,1,1,1,5,2,1,1,1,3,8,0,NA,NA,NA,NA,0,0,0,0,0,0,NA,NA,NA,NA,3,3,1,0,1,1,0,1,1,1,1,1,0,0,5,10,NA
"141",4,0,NA,10,10,0,0,0,0,0,0,0,2,0,0,0,0,0,0,2,NA,NA,NA,NA,NA,NA,NA,NA,NA,NA,NA,1,1,0,0,1,0,0,0,0,0,0,0,0,10,NA,NA,NA,NA,NA,NA,0,0,0,0,0,NA,NA,NA,NA,NA,10,1,0,1,0,0,0,0,0,0,0,0,0,NA,NA,NA
"142",9,8,8,9,9,9,1,1,0,0,0,0,2,0,1,0,1,1,0,3,NA,1,NA,0,1,NA,0,1,1,1,1,1,0,0,1,1,0,1,3,3,7,1,3,2,7,1,NA,0,NA,1,NA,2,1,0,0,0,NA,2,9,7,8,7,1,1,1,0,0,1,0,1,0,0,0,0,5,NA,6
"143",1,0,NA,9,6,2,0,0,0,0,0,1,1,0,0,0,0,1,0,2,NA,NA,NA,NA,0,NA,NA,NA,NA,NA,NA,1,0,0,0,0,0,1,0,1,0,0,0,1,6,NA,NA,NA,NA,NA,NA,0,1,0,0,0,0,0,0,0,4,0,1,0,1,0,0,0,1,1,0,0,0,0,NA,NA,NA
"144",10,0,NA,10,10,10,1,1,0,0,0,0,2,0,1,0,0,1,0,2,NA,0,NA,NA,1,NA,0,0,1,1,1,1,0,0,0,0,1,NA,5,0,2,0,6,0,10,0,NA,NA,NA,1,NA,0,1,0,0,0,7,10,10,0,8,8,1,1,0,0,1,1,1,1,0,1,1,1,NA,NA,NA
"145",10,8,7,7,7,7,2,1,0,1,0,0,2,1,1,2,1,1,0,3,1,0,0,0,0,NA,1,0,1,1,1,1,1,0,0,1,0,1,7,3,3,3,3,7,7,2,2,1,0,0,3,0,5,0,1,0,5,5,5,5,7,5,1,1,1,0,1,1,1,1,0,1,1,1,NA,NA,NA
"146",10,7,7,10,10,7,0,0,1,0,0,0,2,1,0,0,0,0,0,2,1,NA,NA,NA,NA,NA,NA,NA,NA,NA,NA,1,1,0,0,1,0,0,7,9,0,0,0,7,10,3,3,NA,NA,NA,3,3,0,0,0,0,6,6,10,10,10,10,1,0,1,0,1,1,1,0,1,1,1,0,6,8,6
"147",8,7,8,8,8,10,2,0,0,0,1,0,2,0,0,0,0,1,0,3,NA,NA,NA,NA,0,NA,0,0,1,0,0,1,1,0,1,1,1,1,8,2,0,10,0,0,7,NA,NA,NA,NA,NA,NA,NA,NA,0,0,0,NA,NA,NA,NA,NA,10,1,1,1,0,0,1,1,1,0,0,0,1,8,NA,NA
"148",6,0,NA,10,10,7,2,0,0,1,0,0,2,1,0,2,0,1,0,1,0,NA,0,NA,0,NA,1,0,1,1,0,1,1,0,0,0,0,1,3,5,0,0,3,8,10,0,2,NA,NA,2,2,0,3,0,0,1,4,0,0,0,7,6,1,0,1,1,1,1,1,0,0,1,0,0,7,5,0
"149",3,1,NA,10,4,5,1,0,0,0,1,0,0,0,0,0,0,0,1,NA,NA,NA,NA,NA,NA,0,0,0,0,0,0,1,1,0,0,1,0,0,0,0,0,0,0,0,10,NA,NA,NA,NA,NA,NA,0,0,0,0,0,0,0,0,0,0,0,1,1,1,0,1,0,1,1,0,0,0,0,NA,NA,NA
"150",4,2,NA,10,10,0,0,0,0,1,0,1,0,0,0,1,0,0,0,NA,NA,NA,0,NA,NA,NA,NA,NA,NA,NA,NA,1,1,0,1,0,0,0,0,0,0,0,0,3,6,NA,NA,NA,NA,NA,0,0,3,1,0,0,3,0,0,0,0,5,1,1,0,0,1,0,1,1,0,0,1,1,NA,NA,NA
"151",10,3,NA,6,8,0,0,0,0,1,0,0,2,0,1,1,1,1,0,3,NA,0,0,0,0,NA,NA,NA,NA,NA,NA,1,1,0,1,1,0,0,1,5,0,0,5,7,10,NA,1,NA,NA,1,0,0,4,1,0,0,7,3,1,1,5,1,1,0,1,0,0,1,1,0,1,1,0,0,5,5,1
"152",9,1,NA,9,8,8,1,0,0,0,1,0,1,0,0,0,0,0,0,2,NA,NA,NA,NA,NA,NA,0,0,0,0,0,1,1,1,0,0,0,0,0,2,0,0,0,0,10,NA,NA,NA,NA,NA,NA,0,0,0,0,0,6,NA,NA,NA,NA,0,1,0,1,0,0,0,0,0,0,0,0,0,NA,NA,NA
"153",5,3,NA,10,3,2,1,0,0,0,0,1,2,1,0,0,0,0,0,3,0,NA,NA,NA,NA,NA,0,0,1,0,0,1,1,0,1,0,0,0,0,1,0,0,0,0,10,NA,NA,NA,NA,NA,NA,0,0,0,0,0,1,0,0,0,0,0,1,1,1,0,0,0,1,0,0,0,0,1,NA,NA,NA
"154",5,5,4,6,6,8,1,0,0,0,1,0,2,0,0,0,0,0,0,2,NA,NA,NA,NA,NA,NA,0,0,1,0,0,0,0,0,0,1,0,0,3,3,3,3,3,3,6,1,NA,NA,NA,NA,NA,1,0,0,0,0,3,NA,7,0,0,0,1,0,0,0,0,0,0,0,0,0,1,0,NA,NA,NA
"155",3,0,NA,8,8,8,2,1,0,0,0,0,0,0,0,1,0,0,0,NA,NA,NA,2,NA,NA,NA,1,0,1,0,0,1,0,0,0,0,0,1,7,0,0,0,0,5,7,1,NA,NA,NA,NA,0,0,6,0,1,0,3,0,5,3,0,0,1,0,1,0,0,0,1,0,0,0,0,0,NA,NA,NA
"156",4,0,NA,10,2,2,1,0,0,0,0,0,1,0,0,0,0,0,0,2,NA,NA,NA,NA,NA,NA,0,0,0,0,1,1,1,0,0,1,0,0,2,2,0,3,0,1,10,NA,NA,NA,0,NA,NA,0,0,0,0,0,0,0,0,0,0,8,1,0,1,0,1,0,1,1,1,1,0,0,NA,NA,NA
"157",6,0,NA,10,6,6,0,0,0,1,0,0,2,0,0,0,0,0,0,3,NA,NA,NA,NA,NA,NA,NA,NA,NA,NA,NA,1,1,0,0,0,0,0,0,0,0,0,0,0,4,NA,NA,NA,NA,NA,NA,0,0,0,0,0,0,NA,NA,NA,NA,1,1,0,0,0,0,0,0,0,0,0,0,0,NA,NA,NA
"158",10,0,NA,10,10,4,0,0,0,0,0,1,2,0,0,0,0,0,0,3,NA,NA,NA,NA,NA,NA,NA,NA,NA,NA,NA,1,1,0,1,0,0,0,0,4,0,0,0,0,10,NA,1,NA,NA,NA,NA,0,0,0,0,0,3,NA,NA,NA,8,7,1,NA,1,NA,NA,NA,1,1,NA,1,NA,NA,NA,NA,NA
"159",2,0,NA,10,10,2,0,0,0,0,0,0,0,0,0,0,0,0,0,NA,NA,NA,NA,NA,NA,NA,NA,NA,NA,NA,NA,0,0,0,0,1,0,0,0,0,0,0,0,0,0,NA,NA,NA,NA,NA,NA,NA,0,0,0,0,0,0,0,0,0,0,1,0,1,0,0,0,0,0,0,0,0,0,NA,NA,NA
"160",5,5,8,8,8,8,1,1,1,0,0,0,0,0,0,2,0,0,0,NA,NA,NA,3,NA,NA,NA,0,NA,1,1,1,1,1,1,0,0,0,1,7,8,0,0,8,9,9,0,0,NA,NA,0,0,0,6,1,0,0,3,3,10,10,10,8,1,NA,1,0,0,1,1,1,1,0,0,1,5,7,7
"161",0,0,NA,10,10,8,0,0,0,0,1,0,1,0,0,0,0,0,0,2,NA,NA,NA,NA,NA,NA,NA,NA,NA,NA,NA,1,1,0,0,0,0,0,0,0,0,0,0,0,7,NA,NA,NA,NA,NA,NA,0,NA,0,0,0,NA,NA,NA,NA,NA,7,1,0,1,0,0,0,0,0,0,0,0,0,NA,NA,NA
"162",5,3,NA,10,10,1,0,0,0,0,0,0,1,0,0,0,0,1,1,2,NA,NA,NA,NA,0,0,NA,NA,NA,NA,NA,1,1,0,0,0,0,0,5,0,0,2,0,0,9,0,NA,NA,NA,NA,NA,0,2,0,0,0,1,NA,NA,NA,NA,5,1,0,1,0,1,0,1,0,0,0,1,1,5,NA,NA
"163",8,7,1,9,7,5,1,0,1,0,0,0,0,2,0,0,0,0,0,NA,2,NA,NA,NA,NA,NA,0,0,0,0,0,1,0,0,0,0,0,1,6,9,2,2,3,5,7,1,3,NA,NA,1,2,2,NA,0,0,0,9,4,3,1,1,8,1,0,1,0,0,0,0,0,0,0,0,0,7,1,1
"164",4,3,NA,5,4,3,1,0,0,1,0,0,2,0,0,0,0,0,0,1,NA,NA,NA,NA,NA,NA,0,0,0,0,1,1,1,1,0,0,0,1,3,0,0,3,2,4,5,1,NA,NA,2,NA,2,2,2,0,0,0,0,0,4,3,4,8,1,1,1,0,1,0,1,1,1,0,0,0,6,7,5
"165",7,4,NA,9,7,5,0,0,0,0,0,0,1,0,0,0,0,1,0,1,NA,NA,NA,NA,0,NA,NA,NA,NA,NA,NA,1,1,1,1,0,0,0,0,0,0,0,0,0,7,NA,NA,NA,NA,NA,NA,0,0,0,0,0,0,0,0,0,0,0,1,0,1,0,1,1,1,1,1,1,0,0,NA,NA,NA
"166",10,10,10,10,10,10,2,1,0,0,0,0,0,0,1,1,1,1,1,NA,NA,0,2,0,0,0,1,1,1,1,1,0,0,0,0,0,1,0,5,0,10,10,10,10,10,0,NA,1,1,1,1,1,2,0,0,0,7,7,NA,3,NA,NA,1,0,1,0,1,1,1,0,0,1,1,0,4,5,3
"167",NA,1,NA,10,8,0,0,0,0,0,0,0,0,0,0,0,0,0,0,NA,NA,NA,NA,NA,NA,NA,NA,NA,NA,NA,NA,1,0,0,0,1,0,0,0,0,0,0,0,0,9,NA,NA,NA,NA,NA,NA,0,0,0,0,0,0,0,0,0,0,NA,1,1,1,0,0,0,1,0,0,0,0,0,NA,NA,NA
"168",6,0,NA,10,8,1,0,0,0,0,0,1,2,0,0,0,0,0,0,3,NA,NA,NA,NA,NA,NA,NA,NA,NA,NA,NA,1,1,1,0,1,0,0,1,0,0,0,0,0,10,NA,NA,NA,NA,NA,NA,0,0,0,0,0,0,0,0,0,0,5,0,0,1,0,0,0,1,1,1,0,0,0,NA,NA,NA
"169",8,0,NA,10,10,8,1,0,0,0,1,0,0,0,0,0,0,0,0,NA,NA,NA,NA,NA,NA,NA,0,0,1,0,0,1,1,0,0,0,0,0,2,3,1,0,0,0,4,NA,0,NA,NA,NA,NA,0,0,0,0,0,1,0,7,7,1,1,1,0,0,0,0,0,1,0,0,0,0,1,NA,NA,NA
"170",5,3,NA,7,9,10,2,0,0,1,1,0,2,1,0,1,0,1,0,3,0,NA,0,NA,0,NA,0,1,1,0,0,1,0,0,0,0,0,1,8,0,0,0,2,10,9,NA,NA,NA,NA,NA,0,1,10,1,0,1,8,2,5,5,3,3,1,0,1,0,1,1,1,1,0,1,1,1,8,2,7
"171",6,3,NA,10,10,8,1,0,0,0,0,1,1,1,0,1,0,0,1,0,1,NA,2,NA,NA,NA,0,0,0,1,0,1,0,0,NA,0,0,0,2,2,2,4,0,1,4,NA,NA,NA,1,NA,NA,NA,1,0,0,0,4,NA,NA,NA,7,7,1,0,1,1,0,1,1,0,1,0,0,1,NA,NA,NA
"172",8,0,NA,4,0,10,2,1,0,0,1,0,1,0,0,0,2,0,0,1,NA,NA,NA,1,NA,NA,1,0,1,0,1,1,1,1,1,0,1,0,5,2,0,7,0,0,10,1,NA,NA,0,NA,NA,3,0,0,0,0,8,0,8,4,6,6,1,0,1,0,0,0,1,0,1,0,0,0,8,8,2
"173",8,0,NA,10,10,10,2,0,0,0,1,0,2,1,0,0,0,1,2,3,0,NA,NA,NA,0,2,0,0,1,0,1,1,0,0,1,1,0,1,5,0,0,5,0,0,5,NA,NA,NA,NA,NA,NA,0,0,0,0,0,5,3,0,0,0,0,1,0,1,0,0,1,1,0,0,0,0,0,10,NA,NA
"174",8,2,NA,10,5,7,0,1,0,0,0,0,0,0,0,1,0,1,0,NA,NA,NA,2,NA,1,NA,NA,NA,NA,NA,NA,1,1,0,0,0,0,1,4,0,0,0,4,8,5,1,NA,NA,NA,3,3,2,5,0,0,0,5,4,7,5,8,7,1,1,1,0,1,1,1,0,0,1,1,0,NA,10,10
"175",8,0,NA,1,1,4,2,1,0,0,1,0,2,0,0,0,0,0,0,3,NA,NA,NA,NA,NA,NA,1,1,1,1,0,1,0,0,0,0,1,1,8,0,0,3,0,7,9,2,NA,NA,0,NA,2,3,5,1,0,1,3,0,0,0,0,0,1,1,1,0,1,0,1,0,0,1,1,1,3,10,1
"176",0,0,NA,10,10,6,1,0,1,1,0,0,0,1,0,1,0,0,0,NA,1,NA,2,NA,NA,NA,0,0,1,0,0,1,1,1,1,1,1,0,2,2,2,2,2,2,9,NA,NA,NA,NA,NA,NA,0,0,0,0,0,1,1,1,1,1,1,1,0,1,0,1,0,1,1,1,1,0,0,NA,NA,NA
"177",NA,6,2,10,10,1,0,0,0,1,0,0,1,0,0,0,0,0,0,0,NA,NA,NA,NA,NA,NA,NA,NA,NA,NA,NA,1,1,1,1,1,0,0,3,2,0,0,0,2,10,0,NA,NA,NA,NA,NA,0,2,0,0,0,NA,NA,2,2,10,9,1,1,1,0,0,1,1,1,0,0,0,0,NA,NA,NA
"178",7,0,NA,10,5,5,1,0,0,0,1,0,1,0,0,0,0,0,0,1,NA,NA,NA,NA,NA,NA,0,0,1,0,0,1,1,0,0,0,0,0,5,2,2,2,2,2,6,NA,NA,NA,NA,NA,NA,0,0,0,0,0,5,NA,NA,NA,NA,5,1,0,1,0,0,0,0,0,1,1,0,0,5,5,NA
"179",8,3,NA,10,10,9,2,0,0,0,1,1,2,0,0,0,0,0,2,2,NA,NA,NA,NA,NA,2,0,0,1,1,0,1,1,1,0,1,0,0,7,4,2,10,0,0,9,0,0,NA,3,NA,NA,1,0,0,0,0,0,0,0,0,8,8,1,0,1,0,1,1,1,0,1,0,1,1,7,7,NA
"180",6,3,NA,8,8,8,2,0,0,0,1,0,2,0,0,0,0,0,0,1,NA,NA,NA,NA,NA,NA,1,0,1,0,0,1,1,1,1,1,0,0,8,0,0,0,0,0,7,0,NA,NA,NA,NA,NA,0,0,0,0,0,3,3,1,1,1,1,1,NA,1,NA,NA,NA,1,NA,1,NA,NA,NA,9,9,1
"181",6,2,NA,8,4,3,0,0,0,0,0,0,2,0,0,0,0,0,0,0,NA,NA,NA,NA,NA,NA,NA,NA,NA,NA,NA,1,1,0,0,1,0,0,2,2,0,1,0,0,7,NA,NA,NA,NA,NA,NA,0,1,0,0,0,2,0,3,0,1,4,1,1,1,0,1,0,0,0,0,0,0,0,NA,NA,NA
"182",9,7,8,9,8,10,2,0,0,0,1,0,2,1,1,1,1,2,2,3,0,0,2,0,0,2,1,1,1,1,1,1,1,1,1,1,0,1,9,9,8,9,2,3,10,1,1,1,1,NA,1,0,2,0,0,0,9,9,7,9,8,9,1,1,1,0,1,1,1,1,1,0,1,1,9,2,8
"183",1,1,NA,0,0,0,0,0,0,0,0,0,2,0,0,0,0,0,0,3,NA,NA,NA,NA,NA,NA,NA,NA,NA,NA,NA,0,0,0,0,0,0,0,0,0,0,0,0,0,0,NA,NA,NA,NA,NA,NA,NA,0,0,0,0,0,0,0,0,0,0,1,0,1,0,0,0,0,0,0,0,0,0,NA,NA,NA
"184",10,2,NA,8,7,3,0,0,0,0,0,0,1,0,0,0,1,0,0,NA,NA,NA,NA,NA,NA,NA,NA,NA,NA,NA,NA,0,1,1,1,0,0,0,2,3,1,1,1,1,10,NA,NA,NA,NA,NA,NA,0,NA,0,0,0,NA,NA,NA,NA,10,NA,1,0,1,0,0,1,1,0,0,0,NA,1,NA,NA,NA
"185",4,2,NA,10,8,8,0,0,0,0,1,0,1,0,1,0,0,0,0,2,NA,0,NA,NA,NA,NA,NA,NA,NA,NA,NA,1,1,0,1,0,0,0,0,0,0,0,1,0,0,NA,NA,NA,NA,NA,NA,NA,0,0,0,0,0,0,0,0,0,0,1,0,1,0,1,0,1,0,1,1,0,0,NA,NA,NA
"186",3,0,NA,10,10,1,0,0,0,0,0,0,1,0,0,0,0,0,0,1,NA,NA,NA,NA,NA,NA,NA,NA,NA,NA,NA,1,1,1,0,0,0,0,1,0,0,1,0,0,9,NA,NA,NA,NA,NA,NA,0,0,0,0,0,0,0,0,0,0,0,1,0,1,0,0,1,1,1,0,1,0,0,NA,NA,NA
"187",6,9,7,8,8,10,2,0,0,1,1,1,2,2,0,2,2,1,0,3,3,NA,NA,0,0,NA,1,0,1,1,1,1,1,1,1,1,0,1,10,10,0,10,0,10,10,1,3,NA,1,NA,3,3,10,1,0,0,5,0,4,7,8,9,1,1,1,1,1,0,1,1,1,0,1,1,10,10,10
"188",5,0,NA,10,5,8,1,0,0,0,1,0,0,2,0,0,0,0,0,NA,2,NA,NA,NA,NA,NA,0,0,1,0,0,1,0,0,0,1,0,1,3,8,0,9,3,4,10,0,0,NA,0,2,0,0,0,0,0,0,0,0,0,0,0,0,1,0,0,0,0,0,1,1,0,1,0,1,10,10,2
"189",3,0,NA,10,10,0,0,0,0,0,0,0,0,2,0,0,0,0,0,NA,2,NA,NA,NA,NA,NA,NA,NA,NA,NA,NA,1,0,1,0,0,0,0,0,4,0,0,0,0,0,NA,NA,NA,NA,NA,NA,NA,NA,0,0,0,NA,NA,NA,NA,5,0,1,0,1,0,1,1,1,1,0,0,0,1,10,NA,NA
"190",3,1,NA,10,10,1,0,0,0,0,0,0,0,0,0,0,0,0,0,NA,NA,NA,NA,NA,NA,NA,NA,NA,NA,NA,NA,1,1,0,0,0,0,0,2,0,0,0,0,0,8,NA,NA,NA,NA,NA,NA,1,0,0,0,0,0,0,0,0,0,0,1,0,1,0,0,0,0,0,0,0,0,0,NA,NA,NA
"191",4,5,5,8,8,7,1,1,1,0,0,0,0,0,0,0,0,0,0,NA,NA,NA,NA,NA,NA,NA,1,1,1,1,1,1,1,1,0,0,0,1,4,3,4,1,4,5,9,0,0,0,NA,0,0,0,0,0,0,0,2,2,9,2,2,9,1,0,1,1,1,1,1,0,0,0,1,0,7,7,3
"192",3,5,5,10,9,8,2,1,0,0,0,0,0,0,2,2,2,0,2,NA,NA,0,2,0,NA,0,0,0,1,1,1,1,0,0,0,0,1,1,2,0,0,3,3,3,5,NA,NA,NA,1,1,1,0,2,0,0,0,6,6,7,NA,NA,NA,0,1,1,0,0,0,1,1,0,1,1,1,NA,NA,NA
"193",5,2,NA,9,8,8,1,1,1,0,0,0,0,1,0,1,0,2,0,NA,1,NA,0,NA,2,NA,1,0,0,1,1,1,1,0,0,0,1,0,5,5,1,1,1,7,9,1,1,NA,NA,NA,1,1,1,0,0,0,6,7,8,5,6,5,1,1,1,0,1,1,1,1,0,0,0,0,7,8,5
"194",6,5,3,7,5,4,1,0,1,0,0,0,1,2,0,0,2,0,0,1,1,NA,NA,0,NA,NA,0,0,1,0,0,1,0,0,0,0,0,1,5,9,1,1,1,3,10,3,3,NA,NA,NA,1,3,2,0,0,0,5,4,6,2,3,9,1,0,1,0,0,0,1,1,0,0,0,1,8,5,4
"195",0,0,NA,10,10,10,2,1,0,0,0,0,0,2,0,0,0,2,1,NA,1,NA,NA,NA,2,2,1,0,1,1,1,1,1,0,0,1,0,1,3,9,0,3,0,10,10,1,3,NA,0,NA,1,0,NA,0,0,0,9,3,9,1,4,4,1,0,1,0,1,0,0,1,0,0,0,0,NA,NA,NA
"196",7,7,5,9,0,1,0,0,0,0,0,1,1,0,0,0,0,1,0,1,NA,NA,NA,NA,1,NA,NA,NA,NA,NA,NA,1,1,1,1,1,0,0,5,0,0,0,0,0,9,1,NA,NA,NA,NA,NA,2,0,0,0,0,1,0,1,0,9,5,1,1,1,0,1,0,1,0,1,0,0,1,0,0,5
"197",10,8,4,8,9,5,1,0,0,0,0,1,1,0,0,0,0,0,0,0,NA,NA,NA,NA,NA,NA,0,0,1,0,0,1,0,0,0,0,0,0,6,4,0,0,0,1,7,NA,NA,NA,NA,NA,NA,0,2,0,0,0,7,0,0,0,0,8,1,0,1,0,0,0,1,0,0,0,0,0,9,NA,NA
"198",1,0,NA,0,0,8,0,0,1,0,0,0,0,0,0,0,0,0,0,NA,NA,NA,NA,NA,NA,NA,NA,NA,NA,NA,NA,0,0,0,0,0,0,1,4,1,0,0,0,8,0,3,NA,NA,NA,NA,0,NA,NA,0,0,0,4,NA,8,5,NA,5,1,0,1,1,0,0,0,0,0,0,0,0,5,5,NA
"199",7,0,NA,10,8,5,0,0,0,1,1,0,0,0,0,0,0,0,0,NA,NA,NA,NA,NA,NA,NA,NA,NA,NA,NA,NA,1,1,1,0,0,0,0,3,3,0,0,0,0,10,NA,0,NA,NA,NA,NA,0,0,0,0,0,0,0,0,0,7,NA,1,1,1,0,0,0,1,1,1,0,0,0,NA,NA,NA
"200",10,0,NA,10,NA,NA,1,0,0,1,1,1,2,0,0,0,1,0,1,2,NA,NA,NA,1,NA,1,0,0,1,1,1,1,1,1,1,1,0,0,9,5,0,4,0,0,10,0,0,NA,0,NA,NA,0,5,0,0,0,1,0,3,0,NA,7,1,1,1,0,1,1,1,0,1,1,0,1,NA,NA,0
"201",0,0,NA,0,0,0,0,0,0,0,0,0,0,0,0,0,0,0,0,NA,NA,NA,NA,NA,NA,NA,NA,NA,NA,NA,NA,1,0,0,0,0,0,0,0,0,0,0,0,0,0,NA,NA,NA,NA,NA,NA,NA,0,0,0,0,0,0,0,0,0,0,1,1,1,0,0,0,1,0,0,0,0,0,NA,NA,NA
"202",9,6,6,10,6,7,2,1,0,0,1,0,2,0,0,0,NA,1,1,2,NA,NA,NA,NA,0,1,0,0,1,1,1,1,1,1,0,0,0,1,8,3,8,9,0,8,9,3,NA,NA,2,NA,3,0,2,0,0,0,4,1,3,3,5,2,1,0,0,0,1,1,1,0,0,0,0,1,7,5,5
"203",8,3,NA,10,10,8,2,0,0,0,1,1,1,0,0,0,0,0,0,3,NA,NA,NA,NA,NA,NA,0,0,0,0,0,1,1,0,0,0,0,0,3,1,3,0,0,0,3,0,NA,1,NA,NA,NA,1,0,0,0,0,0,0,0,0,5,5,1,0,1,0,1,1,1,1,1,1,0,1,NA,NA,NA
"204",5,0,NA,10,10,10,2,0,0,0,1,0,2,0,0,0,0,0,0,1,NA,NA,NA,NA,NA,NA,0,0,1,0,0,1,1,0,1,1,0,0,0,0,0,0,0,0,8,NA,NA,NA,NA,NA,NA,0,0,0,0,0,0,0,0,0,0,7,1,0,1,0,0,0,1,1,NA,0,0,0,NA,NA,NA
"205",0,2,NA,7,7,3,1,0,0,0,0,1,1,0,0,0,0,1,0,0,NA,NA,NA,NA,0,NA,0,0,1,0,0,1,0,0,0,1,0,0,0,0,0,0,0,0,7,NA,NA,NA,NA,NA,NA,3,NA,0,0,0,NA,NA,NA,NA,NA,NA,1,0,1,0,1,0,1,0,0,0,0,0,NA,NA,NA
"206",2,1,NA,10,2,4,1,0,0,0,1,1,2,1,0,0,1,0,0,1,0,NA,NA,1,NA,NA,0,0,1,0,0,1,1,1,0,1,0,0,0,0,0,0,0,0,10,NA,NA,NA,NA,NA,NA,0,0,0,0,0,0,0,0,0,3,0,1,1,1,0,0,1,1,1,1,0,0,1,NA,NA,NA
"207",7,3,NA,10,10,8,1,0,0,1,0,0,1,0,0,0,0,1,0,2,NA,NA,NA,NA,1,NA,0,0,1,0,0,1,1,0,0,1,0,0,7,0,0,0,0,0,8,2,NA,NA,NA,NA,NA,1,NA,0,0,0,0,0,0,0,0,5,1,0,1,0,1,0,0,0,0,0,0,0,7,5,NA
"208",9,8,8,9,9,3,0,0,0,0,0,0,2,0,0,0,1,0,1,3,NA,NA,NA,0,NA,0,NA,NA,NA,NA,NA,1,1,0,0,0,0,1,6,1,1,6,1,3,9,0,NA,NA,0,NA,0,0,0,0,0,0,1,1,7,1,7,9,1,NA,1,NA,NA,NA,1,NA,NA,NA,NA,1,10,7,9
"209",6,4,NA,5,6,8,2,0,0,0,1,0,2,1,0,0,0,1,0,2,1,NA,NA,NA,0,NA,1,0,1,0,0,1,1,1,0,1,1,1,9,5,6,7,3,2,8,3,1,2,1,1,NA,3,7,1,0,0,7,2,6,9,7,8,1,1,1,0,1,1,0,0,0,1,1,1,8,7,6
"210",2,4,NA,10,9,8,1,0,0,0,1,0,1,1,0,1,0,0,0,1,1,NA,2,NA,NA,NA,0,0,1,0,0,1,1,0,0,1,0,0,5,4,3,5,2,2,9,0,0,0,0,NA,NA,1,2,0,0,0,0,0,0,0,0,6,1,0,1,0,0,0,1,0,0,1,0,0,6,3,NA
"211",5,2,NA,10,5,5,0,0,0,0,1,0,1,NA,NA,NA,NA,NA,NA,1,NA,NA,NA,NA,NA,NA,NA,NA,NA,NA,NA,1,1,0,0,0,0,0,0,0,0,0,0,0,0,NA,NA,NA,NA,NA,NA,NA,0,0,0,0,0,0,0,0,0,0,1,0,0,0,0,0,1,0,1,0,0,0,NA,NA,NA
"212",NA,7,5,10,10,4,0,1,0,0,0,0,1,0,2,2,0,0,2,1,NA,0,2,NA,NA,0,NA,NA,NA,NA,NA,1,0,0,0,1,0,1,0,0,0,5,0,5,7,NA,NA,NA,1,NA,1,NA,NA,0,0,0,3,1,9,0,7,9,1,1,1,0,0,0,1,0,0,0,0,0,0,0,0
"213",7,4,NA,4,5,6,1,0,0,0,1,0,2,1,0,0,0,0,0,2,1,NA,NA,NA,NA,NA,0,0,1,0,0,1,0,0,0,0,1,0,7,3,3,4,1,1,6,NA,1,NA,1,NA,NA,0,0,0,0,0,4,0,4,1,4,6,1,0,0,0,0,0,1,1,0,1,0,0,5,2,2
"214",6,6,4,7,7,9,2,1,0,0,0,0,1,0,0,1,1,1,1,2,NA,NA,0,1,0,1,1,0,1,1,1,1,1,1,0,1,1,1,10,4,7,9,0,4,10,3,0,3,3,NA,2,1,6,0,1,0,9,5,NA,10,9,10,1,1,1,0,1,1,1,1,1,0,1,1,9,7,3
"215",3,8,8,9,9,8,2,1,1,0,0,0,1,2,0,2,1,2,1,2,1,NA,NA,2,2,3,1,1,1,1,0,1,1,0,0,0,1,1,8,8,6,7,0,9,9,3,3,3,3,NA,3,NA,9,0,0,0,8,9,9,8,9,10,1,0,1,1,1,1,1,1,1,0,1,1,9,8,9
"216",9,2,NA,3,5,10,2,1,0,0,1,1,2,0,0,0,0,0,2,2,NA,NA,NA,NA,NA,NA,1,1,1,1,0,1,1,1,1,1,0,0,10,5,0,0,0,0,10,1,0,NA,NA,NA,NA,0,2,0,0,0,0,0,2,2,8,2,1,0,1,NA,0,0,1,0,1,1,0,1,10,5,5
"217",1,1,NA,0,0,0,0,0,0,0,0,0,1,0,0,0,0,1,0,1,NA,NA,NA,NA,1,NA,NA,NA,NA,NA,NA,1,1,1,0,0,0,0,0,0,0,1,0,0,9,NA,NA,NA,NA,NA,NA,0,NA,0,0,0,NA,NA,NA,NA,NA,NA,1,1,1,0,1,1,1,0,1,0,0,0,NA,NA,NA
"218",9,0,NA,10,7,8,1,1,0,0,0,0,1,0,2,2,0,0,0,2,NA,0,2,NA,NA,NA,1,1,0,1,1,1,0,0,0,1,1,1,0,0,0,0,0,0,0,NA,NA,NA,NA,NA,NA,NA,0,0,0,0,4,4,10,3,9,8,1,1,0,0,1,0,0,0,0,0,0,0,NA,NA,NA
"219",5,2,NA,8,5,7,1,0,0,0,1,0,2,0,0,0,0,0,0,2,NA,NA,NA,NA,NA,NA,0,0,1,0,0,1,0,0,0,0,0,0,1,1,1,1,1,1,8,NA,NA,NA,NA,NA,NA,0,0,0,0,0,1,1,1,1,1,1,1,0,1,0,0,0,1,0,0,0,0,0,NA,NA,NA
"220",6,0,NA,2,0,2,1,0,0,0,1,0,1,1,0,0,0,0,1,1,0,NA,NA,NA,NA,0,0,0,1,0,0,1,1,1,1,1,0,0,0,0,0,1,0,0,8,NA,NA,NA,NA,NA,NA,1,3,0,0,0,0,0,0,0,0,0,1,0,1,0,1,0,1,0,0,0,0,1,NA,NA,NA
"221",8,0,NA,10,4,4,0,0,0,0,0,0,0,0,0,0,0,1,0,NA,NA,NA,NA,NA,0,NA,NA,NA,NA,NA,NA,0,0,0,0,0,0,0,0,0,0,0,0,0,10,NA,NA,NA,NA,NA,NA,0,0,0,0,0,0,0,0,0,0,8,1,0,1,0,0,0,1,0,1,0,0,1,NA,NA,NA
"222",1,0,NA,10,NA,NA,0,0,0,0,0,0,1,0,0,0,0,1,0,1,NA,NA,NA,NA,2,NA,NA,NA,NA,NA,NA,1,1,0,0,0,0,0,0,0,0,0,0,0,0,NA,NA,NA,NA,NA,NA,NA,0,0,0,0,0,0,0,0,0,0,1,1,1,0,1,0,1,0,1,0,0,0,NA,NA,NA
"223",8,5,8,10,10,10,2,1,0,0,0,0,2,0,0,1,0,0,2,1,NA,NA,2,NA,NA,2,1,1,1,1,1,1,0,0,0,0,0,0,NA,0,5,5,0,2,8,NA,NA,NA,0,NA,NA,0,2,0,0,0,5,5,10,2,10,10,1,1,1,0,0,1,1,0,0,1,1,0,5,5,5
"224",7,0,NA,0,0,3,1,0,0,0,1,0,2,0,1,0,1,0,0,2,NA,1,NA,1,NA,NA,0,0,1,0,0,1,0,0,0,0,0,0,3,0,1,0,2,0,8,1,NA,NA,NA,NA,NA,0,0,0,0,0,0,0,0,0,0,8,1,1,1,0,0,0,1,0,0,0,0,1,NA,NA,NA
"225",8,5,8,10,8,6,0,0,0,0,1,0,2,1,0,0,0,1,0,3,0,NA,NA,NA,0,NA,NA,NA,NA,NA,NA,1,1,0,0,0,0,0,1,3,0,0,0,0,10,NA,0,NA,NA,NA,NA,0,0,0,0,0,0,0,0,0,0,10,1,1,1,0,1,1,1,0,0,0,1,1,NA,NA,NA
"226",9,5,9,10,8,9,2,0,0,0,1,0,2,1,0,0,0,0,0,2,2,NA,NA,NA,NA,NA,1,1,NA,0,1,1,1,0,1,0,0,1,5,5,0,0,0,3,10,1,1,NA,NA,NA,2,1,2,0,0,0,3,0,0,1,10,9,1,0,1,0,0,1,1,0,0,1,1,0,10,10,5
"227",6,0,NA,10,5,0,1,0,0,0,0,1,2,0,0,1,0,1,1,3,NA,NA,0,NA,1,0,0,0,0,0,1,1,1,1,1,1,0,1,2,2,2,1,0,5,10,NA,NA,NA,NA,NA,1,0,3,0,0,0,NA,2,0,0,5,10,1,1,1,1,0,1,1,1,0,0,1,1,10,NA,NA
"228",4,6,3,10,10,0,0,0,0,0,0,1,1,0,0,0,1,0,0,2,NA,NA,NA,0,NA,NA,NA,NA,NA,NA,NA,1,1,1,0,0,0,0,0,2,0,0,0,0,10,NA,NA,NA,NA,NA,NA,0,0,0,0,0,2,0,0,0,2,5,1,0,1,0,0,0,1,0,1,1,0,0,NA,NA,NA
"229",5,10,8,10,10,7,2,1,0,0,0,0,2,2,2,NA,1,NA,NA,3,2,2,NA,2,NA,NA,NA,NA,NA,1,NA,0,0,0,0,0,1,1,NA,NA,NA,NA,NA,5,NA,NA,NA,NA,NA,NA,1,NA,3,0,0,0,5,5,10,1,10,5,0,1,1,0,0,1,1,0,0,0,1,0,5,5,3
"230",1,1,NA,10,10,7,1,0,0,1,0,0,1,0,0,0,1,0,0,2,NA,NA,NA,1,NA,NA,0,0,1,1,1,1,1,1,1,1,0,1,7,7,0,7,5,5,10,0,0,NA,0,0,0,0,0,0,0,0,NA,NA,NA,NA,NA,10,1,0,1,0,1,0,1,1,1,0,1,1,8,8,4
"231",7,5,3,9,9,5,2,0,1,0,0,1,2,2,0,0,1,1,1,1,0,NA,NA,0,0,0,0,0,0,0,0,1,1,0,0,1,0,0,7,7,0,7,0,0,7,0,NA,NA,0,NA,NA,0,NA,0,0,0,7,0,0,0,0,8,1,0,1,0,1,1,1,0,0,0,1,1,NA,NA,NA
"232",7,0,NA,10,8,8,1,0,0,0,1,0,2,0,1,1,1,0,1,3,NA,0,0,0,NA,0,1,1,1,0,0,0,0,0,0,0,1,1,3,0,5,5,5,5,8,0,NA,0,0,0,0,0,2,0,0,0,7,6,6,5,6,7,1,1,1,0,0,0,1,0,0,0,1,1,NA,NA,NA
"233",7,2,NA,10,10,4,0,1,0,0,0,0,1,0,0,1,0,0,0,1,NA,NA,0,NA,NA,NA,NA,NA,NA,NA,NA,1,1,0,1,1,0,0,0,7,0,0,0,0,5,NA,0,NA,NA,NA,NA,0,NA,0,0,0,0,0,0,0,0,0,1,0,1,NA,1,1,1,0,1,0,1,NA,10,NA,NA
"234",5,5,2,10,7,5,2,1,0,0,0,0,1,0,0,0,2,0,2,0,NA,NA,NA,NA,NA,2,0,0,1,1,0,1,0,0,0,0,0,1,0,0,0,2,0,0,3,NA,NA,NA,NA,NA,NA,0,0,0,0,0,2,2,4,0,2,8,1,0,1,0,0,1,1,0,0,0,1,0,NA,NA,NA
"235",3,0,NA,10,6,NA,1,0,0,0,1,0,1,1,1,1,0,1,1,2,2,NA,NA,NA,NA,NA,0,0,1,1,1,1,1,0,1,1,0,0,NA,3,0,5,1,5,10,NA,0,NA,0,NA,1,0,NA,0,0,0,NA,NA,NA,NA,NA,NA,1,0,0,1,1,1,0,0,0,1,1,1,NA,NA,NA
"236",2,0,NA,10,5,0,0,0,0,0,0,0,2,0,0,2,0,1,0,2,NA,NA,0,NA,1,NA,NA,NA,NA,NA,NA,0,0,0,0,1,0,0,0,0,0,0,0,6,8,NA,NA,NA,NA,NA,2,0,2,0,0,0,0,0,3,2,2,3,1,1,1,0,0,1,1,0,0,0,0,0,6,8,4
"237",7,8,8,9,NA,NA,1,0,0,0,1,1,2,2,0,2,2,2,2,3,3,NA,NA,0,NA,0,NA,1,NA,NA,1,1,NA,1,1,NA,1,0,8,8,NA,8,NA,10,10,0,NA,NA,0,NA,0,0,10,1,0,0,10,9,8,NA,10,10,1,1,1,1,1,1,1,1,1,0,0,1,10,9,9
"238",10,5,8,10,10,10,2,0,0,1,0,0,0,0,1,2,0,0,0,NA,NA,1,0,NA,NA,NA,0,0,1,0,0,0,0,0,0,1,0,1,1,1,1,0,10,10,10,NA,NA,NA,NA,1,3,1,8,0,1,0,10,8,10,4,10,10,0,1,0,0,0,0,0,0,0,0,0,0,8,8,8
"239",3,2,NA,8,8,2,0,0,0,1,1,0,1,0,0,0,0,0,0,2,NA,NA,NA,NA,NA,NA,NA,NA,NA,NA,NA,1,0,0,0,0,0,0,0,0,0,0,0,0,6,NA,NA,NA,NA,NA,NA,0,0,0,0,0,0,0,0,0,8,0,1,1,1,0,0,0,1,0,0,0,0,0,NA,NA,NA
"240",10,5,7,10,2,7,2,1,0,1,0,0,2,1,0,0,1,1,0,2,0,NA,NA,1,0,NA,0,0,1,1,1,1,1,1,1,1,1,1,8,1,5,2,2,5,7,2,NA,2,NA,NA,2,3,3,1,0,0,8,9,9,NA,9,10,1,1,1,0,1,1,1,0,1,1,1,1,8,8,10
"241",2,5,2,10,10,1,1,0,0,0,0,0,1,0,0,0,0,1,0,0,NA,NA,NA,NA,1,NA,0,0,0,1,1,1,1,1,0,0,0,0,1,0,1,0,0,2,3,NA,NA,NA,NA,NA,NA,0,3,0,1,0,0,0,0,0,0,0,1,0,1,0,1,0,1,1,1,0,0,0,NA,NA,NA
"242",7,5,7,10,9,6,1,1,0,0,0,0,2,0,1,2,2,0,0,1,NA,0,0,1,NA,NA,1,1,1,1,1,1,0,0,0,0,0,1,6,0,6,1,0,8,8,1,NA,1,NA,NA,3,3,6,1,0,0,7,6,9,6,8,8,1,1,1,0,0,1,1,0,0,1,1,0,7,7,7
"243",7,1,NA,10,8,5,0,0,0,0,1,0,2,0,0,0,0,0,0,2,NA,NA,NA,NA,NA,NA,NA,NA,NA,NA,NA,1,1,0,0,0,0,0,0,0,2,2,0,0,2,NA,NA,NA,NA,NA,NA,NA,0,0,0,0,2,2,0,0,2,5,1,0,1,0,0,0,0,0,0,0,1,1,NA,NA,NA
"244",5,2,NA,10,7,6,1,0,0,0,0,1,0,0,0,0,0,0,0,NA,NA,NA,NA,NA,NA,NA,0,0,1,0,0,0,0,0,0,0,0,0,7,5,0,0,0,0,0,1,2,NA,NA,NA,NA,NA,2,0,0,0,0,0,1,0,0,0,1,1,1,0,0,1,1,1,0,0,0,1,10,NA,NA
"245",7,7,6,9,7,9,0,0,0,0,0,0,1,0,0,0,0,0,0,0,NA,NA,NA,NA,NA,NA,NA,NA,NA,NA,NA,0,0,0,0,0,0,0,8,2,2,1,1,1,8,0,NA,NA,NA,NA,NA,0,0,0,0,0,2,2,6,4,6,4,1,1,1,0,0,0,0,0,0,0,0,0,7,6,5
"246",4,1,NA,10,10,5,0,0,0,0,0,0,2,2,0,1,0,1,0,2,1,NA,2,NA,0,NA,NA,NA,NA,NA,NA,1,1,0,1,1,0,1,1,3,0,0,1,3,10,NA,2,NA,NA,NA,1,0,6,0,1,0,2,2,0,0,0,0,1,1,1,0,1,1,1,1,0,1,1,1,NA,NA,NA
"247",7,4,NA,8,2,0,0,0,0,0,0,0,1,0,0,0,1,1,0,2,NA,NA,NA,0,0,NA,NA,NA,NA,NA,NA,1,0,1,0,1,0,0,0,0,1,4,0,0,10,NA,NA,NA,0,NA,NA,0,0,0,0,0,0,0,1,0,4,4,0,1,0,0,0,1,1,0,0,0,0,0,NA,NA,NA
"248",8,5,5,5,5,8,1,0,0,1,0,0,0,0,0,0,0,0,0,NA,NA,NA,NA,NA,NA,NA,0,0,1,0,0,1,1,1,0,0,0,0,2,NA,0,0,0,0,8,NA,NA,NA,NA,NA,NA,0,0,0,0,0,8,0,8,0,0,8,1,0,1,0,0,0,1,0,0,0,0,1,NA,NA,NA
"249",10,10,10,10,10,10,2,1,0,0,0,0,2,0,2,1,2,1,2,2,NA,1,2,3,0,2,1,1,1,1,1,1,0,0,0,1,0,1,10,5,0,10,0,10,10,0,NA,NA,0,NA,0,0,10,1,0,0,10,10,10,10,10,10,1,1,1,1,0,1,1,1,0,1,1,1,10,NA,10
"250",3,0,NA,8,8,1,2,0,1,0,0,0,0,1,0,0,1,0,0,NA,0,NA,NA,0,NA,NA,0,0,0,0,1,1,1,0,0,0,0,0,0,0,0,0,0,1,4,NA,NA,NA,NA,NA,NA,2,NA,0,0,0,2,2,NA,NA,NA,2,1,0,1,0,0,1,0,0,0,1,1,1,NA,NA,NA
"251",8,3,NA,3,2,3,2,0,0,0,0,0,2,2,0,0,0,1,0,3,2,NA,NA,NA,0,NA,0,0,0,0,1,1,1,0,0,0,0,0,10,10,0,0,0,0,8,NA,3,NA,NA,NA,NA,0,0,0,0,0,10,0,0,0,10,7,0,1,0,0,1,0,1,1,1,1,0,1,NA,5,NA
"252",10,2,NA,3,6,5,1,0,0,0,0,0,0,2,0,0,0,1,0,NA,NA,NA,NA,NA,NA,NA,0,0,0,0,0,1,1,1,1,0,0,0,3,4,6,1,0,0,6,0,0,0,NA,NA,NA,0,3,0,0,0,2,3,1,0,4,6,1,0,0,0,1,0,1,1,NA,1,1,0,4,4,2
"253",8,7,8,10,5,8,2,1,0,0,0,0,2,0,1,1,2,1,1,3,NA,1,2,1,0,1,0,1,0,1,1,1,0,0,0,1,1,1,8,2,9,10,7,7,10,1,NA,2,2,1,1,0,8,0,1,0,7,9,10,NA,10,10,1,1,1,0,0,1,1,0,1,0,1,1,NA,8,9
"254",2,6,8,10,7,5,2,1,1,0,0,0,2,0,1,1,0,0,0,2,NA,0,2,NA,NA,NA,0,0,1,0,1,1,1,0,0,0,0,1,5,0,5,2,10,0,0,1,NA,2,NA,3,NA,NA,8,1,1,1,8,1,8,1,3,0,1,0,1,NA,1,1,1,0,1,1,1,1,10,10,10
"255",7,6,8,10,10,10,2,1,0,0,1,0,2,NA,NA,2,NA,NA,2,2,NA,NA,2,NA,NA,0,1,1,1,1,1,1,0,0,0,0,1,1,5,0,9,8,0,8,9,0,NA,1,3,NA,0,NA,8,0,1,0,7,8,9,NA,6,9,1,1,1,0,0,1,1,0,0,0,1,0,NA,NA,8
"256",7,8,9,10,8,10,2,1,0,0,0,0,1,0,0,1,2,2,2,1,NA,NA,2,0,2,3,1,1,1,1,1,1,1,0,0,1,1,1,6,0,6,6,3,3,8,0,NA,3,3,3,3,0,2,0,0,0,6,4,8,4,8,8,1,1,1,0,1,1,0,1,0,1,0,1,7,7,6
"257",9,9,7,10,8,10,2,1,0,0,0,0,2,0,1,2,2,1,0,3,NA,1,3,1,0,NA,1,0,1,1,1,1,1,0,0,1,1,1,6,2,7,8,7,9,9,1,NA,2,3,3,3,2,7,1,1,0,7,8,9,8,10,10,1,1,1,1,1,1,1,0,0,1,1,1,10,10,10
"258",2,3,NA,10,10,10,2,0,0,0,1,0,0,1,0,0,0,0,0,NA,0,NA,NA,NA,NA,NA,0,0,1,0,0,1,0,0,0,0,0,0,3,3,0,4,0,0,7,0,0,NA,NA,NA,NA,0,NA,0,0,0,NA,NA,NA,NA,NA,NA,1,0,1,0,0,1,0,0,0,0,0,0,8,NA,NA
"259",10,0,NA,10,7,5,1,0,0,0,1,0,2,0,0,0,1,1,1,3,NA,NA,NA,0,1,0,0,0,1,0,0,1,1,1,0,0,0,0,5,7,0,6,0,0,10,0,1,NA,0,NA,NA,0,NA,0,0,0,NA,NA,NA,NA,NA,9,1,1,1,0,1,0,1,1,0,0,0,1,7,NA,NA
"260",2,3,NA,10,7,7,0,0,0,0,1,1,1,0,0,0,0,0,0,3,NA,NA,NA,NA,NA,NA,NA,NA,NA,NA,NA,1,1,0,0,0,0,0,1,3,0,1,0,0,4,NA,1,NA,NA,NA,NA,1,0,0,0,0,6,NA,NA,3,10,6,1,0,1,0,0,0,0,0,0,0,0,0,NA,NA,NA
"261",7,3,NA,10,10,7,1,1,0,0,0,0,2,0,0,1,1,1,2,3,NA,NA,2,1,2,2,0,1,0,1,1,1,0,0,0,1,1,0,6,0,8,7,0,2,10,0,NA,1,2,NA,NA,3,2,0,0,0,3,5,8,NA,10,10,1,1,1,NA,1,1,1,0,0,1,1,1,NA,NA,4
"262",4,3,NA,10,2,2,1,0,0,0,0,0,1,0,0,0,1,1,0,1,NA,NA,NA,0,0,NA,0,1,0,1,1,1,1,0,0,1,0,1,3,1,6,4,1,2,10,0,NA,0,0,NA,NA,0,2,0,0,0,2,1,1,0,3,8,1,1,1,0,1,1,1,0,NA,1,1,1,8,9,NA
"263",6,6,8,9,9,9,1,0,0,1,1,0,0,2,0,2,0,0,2,NA,2,NA,3,NA,NA,0,1,0,1,0,1,1,1,0,0,1,0,1,8,1,1,7,1,8,8,1,NA,NA,0,NA,3,0,8,0,0,1,1,1,8,1,5,5,1,0,1,1,0,0,0,0,0,0,0,0,8,8,8
"264",7,3,NA,9,10,8,1,0,0,0,0,1,1,0,0,1,0,1,0,1,NA,NA,2,NA,0,NA,0,0,1,0,0,1,1,0,0,1,0,0,7,3,1,1,1,1,7,0,1,NA,NA,NA,NA,0,2,0,0,0,2,2,10,1,1,10,1,1,1,0,1,0,1,1,0,0,0,1,8,1,1
"265",7,0,NA,8,8,7,1,1,0,0,0,1,1,0,0,0,0,0,1,1,NA,NA,NA,NA,NA,0,0,0,1,1,0,1,1,0,0,0,0,0,NA,NA,NA,NA,NA,NA,NA,NA,NA,NA,NA,NA,NA,NA,NA,0,0,0,NA,NA,NA,NA,NA,NA,1,0,1,0,0,0,1,1,0,0,1,1,NA,NA,NA
"266",1,0,NA,3,2,0,0,0,0,0,0,0,0,0,0,0,0,0,0,NA,NA,NA,NA,NA,NA,NA,NA,NA,NA,NA,NA,1,1,1,1,0,0,0,0,1,0,0,0,0,10,NA,NA,NA,NA,NA,NA,0,0,0,0,0,0,0,0,0,0,2,1,0,1,0,0,1,1,0,0,0,0,1,NA,NA,NA
"267",7,2,NA,10,10,10,2,0,1,0,0,0,1,0,0,1,0,0,0,2,NA,NA,3,NA,NA,NA,0,0,1,1,0,1,1,1,1,1,0,0,10,10,0,0,0,10,10,0,3,NA,NA,NA,3,3,7,0,0,1,10,0,0,0,10,10,1,1,1,1,1,1,0,1,0,0,1,0,10,0,0
"268",10,1,NA,10,5,1,0,1,0,0,0,0,2,0,0,0,0,1,0,2,NA,NA,NA,NA,0,NA,NA,NA,NA,NA,NA,1,1,0,0,0,0,0,3,0,0,4,0,0,10,2,NA,NA,2,NA,NA,0,0,0,0,0,3,0,7,0,4,7,1,1,1,0,1,1,1,0,0,0,0,0,NA,NA,NA
"269",7,1,NA,9,6,6,0,1,0,0,0,0,0,0,0,0,2,0,1,NA,NA,NA,NA,1,NA,1,NA,NA,NA,NA,NA,1,0,0,0,0,0,0,0,0,3,4,0,0,4,NA,NA,1,1,NA,NA,0,0,0,0,0,1,3,7,1,7,3,1,1,1,0,0,1,1,0,0,1,1,1,NA,NA,NA
"270",3,0,NA,10,10,0,0,0,0,0,0,0,1,0,0,0,0,0,0,2,NA,NA,NA,NA,NA,NA,NA,NA,NA,NA,NA,1,0,1,0,0,0,0,0,0,0,0,0,0,7,NA,NA,NA,NA,NA,NA,NA,0,0,0,0,0,0,0,0,0,0,1,0,1,0,0,0,0,0,0,0,0,0,NA,NA,NA
"271",7,4,NA,2,2,7,0,0,0,0,0,0,0,0,0,0,0,1,0,NA,NA,NA,NA,NA,0,NA,NA,NA,NA,NA,NA,1,1,0,0,0,0,0,1,1,1,1,1,1,7,NA,NA,NA,NA,NA,NA,NA,1,0,0,0,NA,NA,NA,NA,NA,NA,NA,0,0,0,0,0,1,0,0,0,0,0,NA,NA,NA
"272",9,5,2,8,6,1,0,0,0,0,0,1,1,0,0,0,1,1,0,2,NA,NA,NA,0,0,NA,NA,NA,NA,NA,NA,1,1,1,0,0,1,0,1,0,2,0,0,0,6,NA,NA,NA,NA,NA,NA,0,NA,0,0,0,5,1,3,1,9,8,1,1,1,0,1,0,1,1,0,0,0,0,NA,NA,NA
"273",10,0,NA,10,10,10,0,0,0,0,1,0,1,0,0,0,0,1,0,1,NA,NA,NA,NA,0,NA,NA,NA,NA,NA,NA,1,1,0,1,0,0,0,0,0,0,0,0,0,0,NA,NA,NA,NA,NA,NA,NA,NA,0,0,0,NA,NA,NA,NA,NA,7,1,1,1,0,1,0,1,0,1,0,0,1,NA,NA,NA
"274",1,0,NA,8,8,2,1,0,0,1,0,1,1,1,0,0,0,1,0,1,0,NA,NA,NA,0,NA,0,0,1,0,0,1,1,0,1,0,0,0,2,3,0,0,0,0,10,NA,1,NA,NA,NA,NA,0,0,0,0,0,1,1,0,0,0,10,1,0,1,0,1,0,1,0,0,1,0,0,NA,NA,NA
"275",6,0,NA,10,7,5,0,0,0,0,1,0,1,1,NA,NA,NA,NA,NA,2,2,NA,NA,NA,NA,NA,NA,NA,NA,NA,NA,1,1,1,1,1,0,0,0,0,0,0,0,0,5,NA,NA,NA,NA,NA,NA,0,5,0,0,1,NA,NA,NA,NA,5,10,1,1,1,0,1,1,1,1,1,1,0,1,NA,NA,NA
"276",5,5,1,10,6,1,1,0,0,0,1,0,2,0,0,0,0,0,0,1,NA,NA,NA,NA,NA,NA,0,0,1,0,0,1,1,1,1,0,0,0,0,0,0,0,0,0,0,NA,NA,NA,NA,NA,NA,NA,0,0,0,0,0,0,0,0,0,0,1,0,1,NA,1,0,1,0,1,0,0,0,NA,NA,NA
"277",6,1,NA,2,2,0,0,0,0,0,0,1,0,0,0,0,0,0,0,NA,NA,NA,NA,NA,NA,NA,NA,NA,NA,NA,NA,1,0,0,0,0,0,0,0,0,0,0,0,0,0,NA,NA,NA,NA,NA,NA,NA,0,0,0,0,0,0,0,0,0,0,1,0,1,0,0,0,1,0,0,0,0,0,NA,NA,NA
"278",10,8,9,10,10,10,2,1,0,0,1,0,1,0,1,0,2,0,2,0,NA,0,NA,3,NA,3,1,1,1,1,1,1,0,0,0,1,1,1,9,9,10,10,9,8,9,2,3,3,3,3,3,1,0,0,0,0,9,9,10,10,10,10,1,1,1,0,1,1,1,1,1,1,1,1,10,10,10
"279",8,4,NA,3,3,3,0,0,0,0,0,1,1,0,0,0,0,0,0,3,NA,NA,NA,NA,NA,NA,NA,NA,NA,NA,NA,1,1,1,0,0,0,0,2,8,0,0,0,0,10,NA,0,NA,NA,NA,NA,0,1,0,0,0,0,0,0,0,0,9,1,0,1,0,0,0,0,0,0,0,0,0,9,1,1
"280",0,0,NA,10,10,3,0,0,0,0,0,0,0,0,0,0,0,0,0,NA,NA,NA,NA,NA,NA,NA,NA,NA,NA,NA,NA,1,1,1,0,1,0,0,0,0,0,0,0,0,10,NA,NA,NA,NA,NA,NA,0,0,0,0,0,0,0,0,0,0,10,1,0,1,0,0,0,1,0,1,0,0,1,NA,NA,NA
"281",6,0,NA,0,0,0,0,0,0,0,0,1,0,0,0,0,0,0,0,NA,NA,NA,NA,NA,NA,NA,NA,NA,NA,NA,NA,1,1,1,1,1,1,0,0,0,0,0,0,0,8,NA,NA,NA,NA,NA,NA,0,0,0,0,0,0,5,0,0,0,0,1,1,1,0,0,0,1,1,NA,NA,NA,NA,NA,NA,NA
"282",10,6,2,10,5,3,1,1,0,0,0,0,1,0,1,0,1,0,1,0,NA,1,NA,0,NA,1,1,1,1,0,1,1,1,1,0,0,1,0,0,0,8,0,2,2,7,NA,NA,0,NA,NA,NA,0,0,0,0,0,0,1,9,0,3,9,0,0,1,0,0,0,1,0,1,0,0,0,7,7,NA
"283",4,0,NA,0,0,0,1,0,0,0,1,0,0,0,0,0,0,0,0,NA,NA,NA,NA,NA,NA,NA,0,0,0,0,1,1,1,1,0,1,0,0,5,5,0,0,0,0,7,0,2,NA,NA,NA,NA,0,0,0,0,0,0,0,0,0,0,7,1,1,1,0,0,0,1,0,0,0,0,1,NA,NA,NA
"284",NA,0,NA,10,NA,5,1,0,0,1,0,0,1,0,0,1,NA,1,0,0,NA,NA,2,NA,0,NA,0,0,1,0,1,1,1,0,1,1,0,1,5,NA,NA,NA,NA,5,8,0,NA,NA,NA,NA,1,0,3,0,0,0,5,NA,0,0,8,8,1,1,1,0,1,0,1,0,1,0,NA,1,8,8,2
"285",10,10,9,8,10,10,2,0,0,0,1,0,2,0,0,0,2,1,2,2,NA,NA,NA,NA,1,3,1,1,1,1,1,1,0,0,1,1,1,1,10,0,0,9,10,9,6,0,NA,NA,1,3,1,0,0,0,0,0,10,10,7,5,3,10,1,1,1,1,1,1,1,0,0,0,1,1,10,10,10
"286",10,0,NA,10,8,3,NA,0,0,0,0,0,2,0,0,0,0,0,0,2,NA,NA,NA,NA,NA,NA,NA,NA,NA,NA,NA,1,0,1,0,0,0,0,0,6,0,0,0,0,10,NA,1,NA,NA,NA,NA,0,0,0,0,0,0,0,8,4,0,0,0,NA,NA,NA,NA,NA,NA,NA,NA,NA,NA,NA,5,NA,4
"287",3,3,NA,10,5,2,0,0,0,1,0,0,1,0,0,0,0,0,0,2,NA,NA,NA,NA,NA,NA,NA,NA,NA,NA,NA,1,1,0,0,1,0,1,2,0,0,0,0,3,8,NA,NA,NA,NA,NA,0,0,NA,0,0,0,NA,NA,NA,NA,NA,8,1,NA,1,NA,1,NA,1,NA,1,NA,NA,NA,NA,NA,NA
"288",10,10,8,10,9,10,2,0,0,0,1,0,2,2,1,0,2,1,2,3,3,0,NA,1,0,2,1,0,1,1,1,1,1,0,0,1,1,1,10,10,8,8,3,7,9,3,2,0,1,1,1,3,7,1,0,1,9,3,8,8,4,10,1,1,1,0,0,1,1,1,1,1,1,1,9,10,10
"289",0,0,NA,10,4,0,0,0,0,0,0,0,0,0,0,0,0,0,0,NA,NA,NA,NA,NA,NA,NA,NA,NA,NA,NA,NA,1,0,0,0,0,0,0,0,2,0,0,0,0,0,NA,NA,NA,NA,NA,NA,NA,0,0,0,0,0,0,5,0,9,10,1,0,1,0,0,0,0,0,0,0,0,0,NA,NA,NA
"290",6,0,NA,10,10,0,0,0,1,0,0,0,0,0,0,0,0,0,0,NA,NA,NA,NA,NA,NA,NA,NA,NA,NA,NA,NA,0,0,0,0,0,0,0,0,10,0,0,0,0,10,NA,0,NA,NA,NA,NA,0,NA,0,0,0,NA,NA,NA,NA,NA,NA,1,0,0,0,0,0,1,1,1,0,0,0,NA,NA,NA
"291",0,0,NA,10,10,0,0,0,0,0,0,0,1,0,0,0,0,0,0,0,NA,NA,NA,NA,NA,NA,NA,NA,NA,NA,NA,0,0,0,0,1,0,0,0,0,0,0,0,0,10,NA,NA,NA,NA,NA,NA,0,0,0,0,0,0,0,3,0,3,8,1,1,1,0,0,0,0,0,0,0,0,0,NA,NA,NA
"292",8,8,7,10,10,7,1,1,0,0,0,0,2,1,1,0,0,0,0,1,0,0,NA,NA,NA,NA,NA,1,0,NA,1,1,0,0,NA,NA,1,0,7,4,7,2,NA,NA,10,2,2,2,NA,NA,NA,2,NA,0,0,0,8,NA,NA,NA,10,10,1,1,NA,NA,NA,1,1,0,1,1,1,1,NA,NA,NA
"293",8,10,7,10,10,5,1,1,1,1,0,1,2,0,0,1,1,1,0,2,NA,NA,2,NA,0,NA,0,0,0,1,1,1,0,0,0,1,0,1,6,7,0,0,3,4,7,0,1,NA,NA,0,1,2,3,1,0,0,5,2,7,6,3,9,1,1,1,0,1,1,1,1,0,0,0,0,7,6,NA
"294",3,5,2,4,2,8,0,0,0,0,1,0,0,0,0,0,0,1,0,NA,NA,NA,NA,NA,1,NA,NA,NA,NA,NA,NA,1,1,1,1,1,0,0,1,1,0,0,0,0,5,NA,NA,NA,NA,NA,NA,0,NA,0,0,0,NA,NA,NA,3,2,8,1,0,1,0,0,0,1,1,1,0,0,0,NA,NA,NA
"295",2,0,NA,10,10,0,0,0,0,0,0,0,0,0,0,0,0,0,0,NA,NA,NA,NA,NA,NA,NA,NA,NA,NA,NA,NA,1,1,0,0,1,0,0,0,0,0,0,0,0,10,NA,NA,NA,NA,NA,NA,0,NA,0,0,0,NA,NA,NA,NA,10,8,1,0,1,0,0,0,0,0,0,1,0,0,NA,NA,NA
"296",9,3,NA,10,3,5,2,1,0,1,1,0,2,0,0,0,0,0,0,3,NA,NA,NA,NA,NA,NA,0,0,0,0,1,1,1,1,1,1,0,0,8,0,0,7,0,7,8,1,NA,NA,1,NA,3,3,NA,0,0,0,3,NA,7,NA,3,5,1,0,1,0,1,1,1,1,0,1,1,1,NA,10,NA
"297",10,5,1,10,4,4,2,0,1,0,0,0,2,2,0,1,0,0,0,3,1,NA,2,NA,NA,NA,0,0,1,1,1,1,1,1,1,1,0,1,10,10,0,0,1,10,10,0,3,NA,NA,NA,1,0,5,1,1,0,3,0,4,4,8,10,1,1,1,0,0,0,1,0,1,1,1,0,8,10,8
"298",10,0,NA,10,NA,NA,0,0,0,0,0,0,2,0,0,0,0,0,0,2,NA,NA,NA,NA,NA,NA,NA,NA,NA,NA,NA,0,0,0,0,0,0,0,0,0,0,0,0,0,10,NA,NA,NA,NA,NA,NA,0,NA,0,0,0,5,0,0,0,0,10,1,0,1,0,0,0,0,0,0,1,1,0,NA,NA,NA
"299",3,0,NA,10,10,8,0,0,0,0,0,1,1,0,0,0,0,0,0,2,NA,NA,NA,NA,NA,NA,NA,NA,NA,NA,NA,1,1,1,0,0,0,0,10,0,0,1,0,0,10,2,NA,NA,NA,NA,NA,0,0,0,0,0,0,0,0,0,0,NA,1,0,1,0,0,1,1,1,1,0,0,1,1,1,0
"300",10,6,10,8,7,7,2,1,0,0,0,0,1,0,0,0,0,0,0,0,NA,NA,NA,NA,NA,NA,0,0,0,1,0,1,0,0,0,1,0,1,8,0,0,0,5,8,8,3,NA,NA,NA,3,3,0,7,0,0,0,NA,NA,10,9,7,NA,1,0,1,1,1,0,1,0,0,0,0,1,10,10,10
"301",7,1,NA,10,5,2,0,1,0,0,0,0,0,0,0,0,0,0,0,NA,NA,NA,NA,NA,NA,NA,NA,NA,NA,NA,NA,1,1,1,0,0,0,0,4,1,0,0,0,0,9,NA,NA,NA,NA,NA,NA,0,0,0,0,0,0,0,0,0,1,10,1,0,0,0,0,1,0,0,1,0,0,0,10,10,1
"302",7,8,5,6,9,3,1,0,0,0,0,1,2,0,0,0,1,1,0,3,NA,NA,NA,1,2,NA,0,0,1,1,0,1,1,1,0,1,0,0,6,8,1,1,1,2,8,1,1,NA,NA,NA,NA,1,1,0,0,0,6,0,1,1,2,0,1,0,1,0,1,0,1,1,1,0,0,1,8,2,NA
"303",0,0,NA,0,0,0,0,0,0,0,0,1,2,0,0,0,0,0,0,1,NA,NA,NA,NA,NA,NA,NA,NA,NA,NA,NA,1,1,1,1,NA,0,0,0,10,0,0,0,0,5,NA,3,NA,NA,NA,NA,1,0,0,0,0,0,0,0,0,0,0,1,0,1,0,0,0,1,1,0,0,0,0,10,0,0
"304",8,0,NA,10,6,2,0,0,0,1,0,0,2,0,0,0,0,1,0,2,NA,NA,NA,NA,0,NA,NA,NA,NA,NA,NA,1,1,0,0,0,0,1,8,0,4,0,0,0,10,0,NA,0,NA,NA,NA,0,1,0,0,0,4,0,2,5,5,10,1,1,1,0,1,0,1,1,1,0,0,0,5,5,2
"305",0,3,NA,10,5,1,0,0,0,0,0,1,1,0,0,0,0,0,0,3,NA,NA,NA,NA,NA,NA,NA,NA,NA,NA,NA,1,1,1,0,0,0,0,0,0,0,0,0,0,5,NA,NA,NA,NA,NA,NA,0,NA,0,0,0,0,0,0,0,0,10,1,0,1,0,0,0,1,1,1,0,0,0,NA,NA,NA
"306",7,1,NA,9,5,5,0,0,0,1,0,0,1,0,0,0,0,0,0,3,NA,NA,NA,NA,NA,NA,NA,NA,NA,NA,NA,1,1,1,0,0,0,0,6,4,2,6,NA,NA,8,0,NA,NA,NA,NA,NA,0,2,0,0,0,7,3,6,6,3,4,1,1,1,0,1,1,1,1,1,0,0,0,7,7,NA
"307",8,3,NA,10,6,3,1,0,0,0,0,0,2,1,0,0,0,1,0,2,1,NA,NA,NA,1,NA,0,0,1,0,0,1,1,1,1,1,0,0,3,5,0,0,0,0,10,NA,NA,NA,NA,NA,NA,NA,NA,0,0,0,8,NA,NA,NA,NA,8,1,1,1,1,1,0,1,0,0,1,0,0,8,NA,NA
"308",0,1,NA,10,5,0,0,0,0,0,0,0,0,0,0,0,0,0,0,NA,NA,NA,NA,NA,NA,NA,NA,NA,NA,NA,NA,1,1,0,1,0,1,0,0,0,0,0,0,0,10,NA,NA,NA,NA,NA,NA,0,NA,0,0,0,NA,NA,NA,NA,NA,8,1,0,1,0,0,0,1,0,0,0,0,0,NA,NA,NA
"309",1,1,NA,8,8,0,0,0,0,0,0,0,2,0,0,0,0,0,0,2,NA,NA,NA,NA,NA,NA,NA,NA,NA,NA,NA,1,1,0,0,0,0,0,0,0,0,0,0,0,5,NA,NA,NA,NA,NA,NA,0,0,0,0,0,0,0,0,0,0,0,1,1,1,0,0,0,1,0,0,0,0,0,NA,NA,NA
"310",7,0,NA,8,8,9,2,0,0,0,1,0,1,1,0,0,0,0,1,2,1,NA,NA,NA,NA,1,0,0,0,0,1,1,1,0,0,0,0,0,8,1,0,0,0,0,10,0,NA,NA,NA,NA,NA,0,2,0,0,0,0,0,7,7,0,0,1,0,1,0,1,1,1,1,0,0,0,0,8,0,0
"311",8,8,8,9,8,9,1,1,0,0,0,0,2,NA,1,1,1,1,0,3,NA,1,0,0,1,NA,0,0,0,0,1,1,0,0,0,0,1,1,9,2,8,8,8,9,9,0,NA,0,NA,NA,1,0,5,0,1,0,7,7,8,7,9,10,1,1,1,NA,1,1,1,1,1,1,1,1,8,7,8
"312",10,8,10,10,10,5,2,0,0,1,0,1,2,1,0,0,0,1,0,1,1,NA,NA,NA,0,NA,0,0,1,1,1,1,1,1,1,0,0,0,10,10,0,10,0,10,10,1,1,NA,1,NA,1,1,NA,0,0,0,NA,NA,NA,NA,10,10,1,0,0,0,1,1,1,1,1,1,1,1,NA,NA,NA
"313",7,7,3,10,10,5,1,0,0,0,0,0,1,0,0,1,0,0,0,1,NA,NA,2,NA,NA,NA,0,0,1,0,0,1,0,0,0,1,0,1,8,2,0,8,0,4,8,0,NA,NA,0,NA,0,0,3,0,0,0,2,0,0,0,0,8,1,1,1,0,0,0,1,1,0,0,0,0,NA,NA,NA
"314",2,0,NA,4,4,1,1,0,0,0,0,0,1,0,0,0,0,1,0,1,NA,NA,NA,NA,0,NA,0,0,0,NA,1,1,1,0,NA,1,1,0,4,0,4,4,0,0,8,0,NA,NA,0,NA,NA,0,0,0,0,0,0,3,4,0,0,6,1,1,1,0,1,1,1,0,1,0,0,0,1,NA,NA
"315",NA,2,NA,7,8,1,1,0,0,1,0,1,0,0,0,2,0,0,0,NA,NA,NA,NA,NA,NA,NA,0,0,0,0,0,1,1,0,0,0,0,0,2,1,2,2,2,7,6,NA,NA,NA,NA,NA,0,0,2,0,0,0,1,0,0,0,1,7,1,0,0,0,0,0,1,0,1,1,0,0,7,7,0
"316",2,0,NA,10,10,0,0,0,0,0,0,0,1,0,0,0,0,0,0,0,NA,NA,NA,NA,NA,NA,NA,NA,NA,NA,NA,1,0,1,0,NA,0,0,0,0,0,0,0,0,10,NA,NA,NA,NA,NA,NA,NA,NA,0,0,0,0,0,0,0,5,4,1,0,1,NA,NA,NA,NA,NA,NA,NA,NA,NA,NA,NA,NA
"317",8,5,6,8,7,5,1,0,0,0,1,1,2,2,0,NA,0,0,0,3,3,NA,NA,NA,NA,NA,0,0,1,0,1,1,1,1,0,1,0,0,3,5,3,2,0,0,8,0,0,0,NA,NA,NA,3,NA,0,0,0,8,7,2,2,4,7,1,0,1,0,0,NA,1,0,0,1,0,0,7,2,5
"318",7,2,NA,8,6,7,0,0,0,0,0,1,2,0,0,0,0,1,0,2,NA,NA,NA,NA,0,NA,NA,NA,NA,NA,NA,1,1,0,0,0,0,0,4,4,0,0,0,0,8,1,1,NA,NA,NA,NA,0,2,0,0,0,3,3,0,0,0,7,1,0,1,0,1,0,1,1,0,0,0,1,8,4,4
"319",10,10,10,10,5,10,2,1,0,0,0,0,2,0,0,0,2,0,NA,2,NA,NA,NA,2,NA,NA,1,0,1,1,0,0,0,0,0,1,0,0,0,0,0,8,0,8,0,NA,NA,NA,NA,NA,0,NA,0,0,0,0,8,5,9,5,5,5,1,1,1,0,0,0,0,0,0,0,0,0,10,0,10
"320",6,1,NA,8,8,7,1,0,0,0,1,0,1,0,0,0,0,0,0,2,NA,NA,NA,NA,NA,NA,1,1,1,0,0,1,1,0,0,0,0,1,4,0,4,4,0,0,4,0,NA,3,2,NA,NA,1,4,1,0,0,5,1,4,0,8,8,0,NA,0,NA,0,NA,0,NA,NA,NA,0,0,8,8,4
"321",7,9,6,10,5,6,1,1,0,0,0,0,2,0,1,1,0,1,0,2,NA,1,2,NA,0,NA,0,1,1,0,1,1,1,1,1,1,0,1,3,1,6,3,3,7,9,1,NA,1,NA,1,0,0,0,0,0,0,3,1,5,2,3,7,1,1,1,0,0,0,1,0,0,0,1,1,5,5,5
"322",2,0,NA,10,2,2,0,0,0,1,1,0,0,0,0,0,0,0,0,NA,NA,NA,NA,NA,NA,NA,NA,NA,NA,NA,NA,1,1,0,0,0,0,0,0,0,0,0,0,0,10,NA,NA,NA,NA,NA,NA,0,NA,0,0,0,NA,NA,NA,NA,NA,4,1,0,1,0,0,0,1,1,1,0,0,1,NA,NA,NA
"323",7,0,NA,4,4,10,2,0,0,0,1,0,1,0,0,0,0,0,0,2,NA,NA,NA,NA,NA,NA,0,0,1,0,0,1,1,0,0,1,0,1,5,0,0,0,0,0,10,1,NA,NA,NA,NA,NA,1,0,0,0,0,NA,NA,NA,NA,10,10,1,0,1,0,0,1,1,0,0,0,0,0,7,NA,NA
"324",10,0,NA,10,8,6,2,1,1,1,0,0,2,2,2,2,2,2,0,2,0,0,2,0,0,NA,1,1,1,1,1,1,0,0,0,1,1,1,2,2,4,0,4,4,0,NA,NA,2,NA,3,3,NA,8,0,0,0,8,6,10,6,7,6,1,1,1,1,1,0,1,1,1,1,1,1,10,10,7
"325",1,0,NA,0,0,2,0,0,0,0,1,0,1,1,0,0,0,0,0,2,2,NA,NA,NA,NA,NA,NA,NA,NA,NA,NA,1,1,1,0,0,0,0,0,0,0,0,0,0,0,NA,NA,NA,NA,NA,NA,NA,0,0,0,0,NA,NA,NA,NA,NA,NA,1,0,1,0,1,0,1,0,0,0,0,0,NA,NA,NA
"326",9,3,NA,8,7,5,1,0,0,0,1,0,0,0,0,0,0,0,0,NA,NA,NA,NA,NA,NA,NA,0,0,1,0,0,1,1,1,0,0,NA,0,2,0,1,0,0,1,9,NA,NA,NA,NA,NA,NA,0,NA,0,0,0,NA,NA,NA,NA,NA,8,1,0,0,0,1,0,1,1,1,0,0,0,NA,NA,NA
"327",6,7,6,9,9,5,1,0,0,1,1,0,2,2,0,0,1,1,0,1,1,NA,NA,0,NA,NA,1,0,1,0,NA,1,0,0,0,1,0,1,6,6,2,0,0,6,9,0,NA,NA,NA,NA,0,0,6,1,0,0,8,3,3,3,3,8,1,0,1,0,0,1,0,0,0,0,1,0,7,8,7
"328",3,1,NA,10,3,3,1,0,0,0,1,0,1,0,0,0,0,0,0,2,NA,NA,NA,NA,NA,NA,0,0,0,0,0,1,1,1,0,1,0,0,0,0,0,0,0,0,2,NA,NA,NA,NA,NA,NA,NA,0,0,0,0,0,0,0,0,0,0,1,0,1,0,0,0,1,0,0,0,0,0,NA,NA,NA
"329",7,1,NA,10,2,4,1,0,1,0,0,0,1,0,0,1,0,0,0,0,NA,NA,2,NA,NA,NA,0,0,1,1,1,1,1,0,0,0,1,0,10,4,2,6,5,5,10,1,NA,NA,1,NA,1,0,4,0,1,0,NA,NA,5,NA,4,0,1,1,1,NA,NA,1,1,1,NA,NA,1,1,5,NA,5
"330",7,2,NA,9,9,2,1,0,0,1,0,0,2,0,0,2,0,0,0,3,NA,NA,0,NA,NA,NA,0,0,0,0,1,1,1,1,0,1,0,1,3,2,0,1,2,8,8,1,NA,NA,NA,NA,1,1,6,1,0,0,4,2,0,0,2,6,1,1,1,0,0,1,1,0,0,1,1,1,7,7,2
"331",6,5,8,10,6,8,1,1,0,0,0,0,1,0,0,1,1,0,2,2,NA,NA,2,0,NA,3,0,1,1,1,0,1,0,0,0,0,0,1,5,0,2,8,0,7,9,0,NA,NA,3,NA,1,3,3,1,0,0,3,NA,9,2,6,7,1,0,1,0,0,1,1,0,0,0,0,0,7,5,NA
"332",7,4,NA,9,8,3,0,0,1,0,0,1,2,0,0,0,0,0,1,2,NA,NA,NA,NA,NA,1,NA,NA,NA,NA,NA,1,1,1,1,1,0,0,1,3,3,1,4,0,9,NA,1,3,NA,NA,NA,0,0,0,0,0,8,NA,NA,NA,NA,8,1,0,1,0,1,0,1,0,1,1,0,1,8,NA,NA
"333",10,10,4,0,6,7,2,1,0,0,0,1,0,0,0,0,0,0,2,NA,NA,NA,NA,NA,NA,1,1,NA,1,0,0,1,0,1,1,0,0,0,5,NA,5,0,NA,0,4,3,NA,3,NA,NA,NA,3,0,0,0,0,3,3,3,0,0,0,1,1,1,0,0,0,1,0,0,1,1,1,3,3,3
"334",1,0,NA,0,0,0,0,0,0,0,0,0,1,0,0,0,0,0,0,0,NA,NA,NA,NA,NA,NA,NA,NA,NA,NA,NA,1,0,0,0,0,0,0,0,0,0,0,0,0,9,NA,NA,NA,NA,NA,NA,0,0,0,0,0,NA,NA,NA,NA,NA,NA,1,1,1,0,0,0,0,0,0,0,0,0,NA,NA,NA
"335",5,3,NA,9,9,10,2,1,0,0,1,0,2,2,0,0,0,0,0,1,NA,NA,NA,NA,NA,NA,1,0,1,0,0,1,1,1,0,1,0,0,6,6,0,0,0,0,8,1,2,NA,NA,NA,NA,0,0,0,0,0,0,NA,NA,NA,NA,3,1,1,1,0,0,1,1,0,1,0,0,1,8,8,NA
"336",8,6,6,9,7,7,1,0,0,1,1,0,2,0,0,0,1,1,1,2,NA,NA,NA,1,0,1,1,1,1,1,1,1,1,0,0,0,NA,NA,7,0,6,8,0,3,10,0,NA,3,3,NA,1,0,5,1,0,0,7,4,8,0,7,8,1,1,1,0,1,1,1,1,1,1,1,1,7,1,7
"337",10,10,9,9,8,10,2,0,0,0,0,0,2,1,2,2,2,1,1,3,1,3,3,3,0,1,0,0,1,1,1,1,0,1,1,1,1,1,10,8,9,9,9,10,9,0,0,0,3,3,3,0,8,1,1,0,10,10,9,8,10,10,1,1,1,1,1,1,1,1,1,1,1,1,10,9,10
"338",7,4,NA,9,1,0,1,1,0,0,0,0,2,0,0,1,1,1,0,2,NA,NA,2,1,0,NA,0,0,0,0,1,1,1,0,0,0,0,0,3,0,0,0,0,4,7,0,NA,NA,NA,NA,2,0,4,0,0,0,4,1,10,3,3,7,1,NA,1,1,1,0,0,0,0,1,0,1,NA,9,8
"339",10,2,NA,10,10,10,2,0,0,0,1,0,2,1,0,0,0,1,1,3,0,NA,NA,NA,0,0,0,0,1,0,1,1,0,0,0,1,0,0,8,5,5,2,2,2,10,NA,2,1,NA,NA,NA,0,NA,0,0,0,10,NA,3,3,NA,NA,1,0,1,0,0,0,1,1,0,1,0,0,10,NA,NA
"340",8,4,NA,10,10,0,0,0,0,0,0,0,1,0,0,0,0,0,0,0,NA,NA,NA,NA,NA,NA,NA,NA,NA,NA,NA,1,1,1,1,1,0,0,0,0,0,0,0,0,10,NA,NA,NA,NA,NA,NA,0,0,0,0,0,0,0,0,0,0,5,1,0,1,0,0,0,1,0,0,0,0,0,NA,NA,NA
"341",4,3,NA,4,3,8,1,1,0,0,1,0,2,1,1,1,1,0,0,3,0,1,2,1,NA,NA,1,1,1,1,0,0,0,0,0,0,0,1,7,2,7,7,2,8,6,1,NA,2,2,NA,3,0,2,0,0,0,4,3,4,3,7,7,1,1,1,0,0,1,0,0,0,0,0,0,NA,7,NA
"342",3,3,NA,10,4,2,0,0,0,0,0,0,0,0,0,0,0,0,0,NA,NA,NA,NA,NA,NA,NA,NA,NA,NA,NA,NA,1,0,0,0,0,0,0,3,0,0,0,0,3,10,NA,NA,NA,NA,NA,NA,NA,NA,0,0,0,NA,NA,NA,NA,NA,NA,1,0,1,0,1,0,0,0,0,0,1,0,NA,NA,NA
"343",1,0,NA,10,10,7,1,1,0,0,1,0,0,0,0,0,0,0,0,NA,NA,NA,NA,NA,NA,NA,0,0,0,0,0,1,0,0,0,0,0,0,0,0,0,0,0,0,0,NA,NA,NA,NA,NA,NA,NA,0,0,0,0,0,0,0,0,0,0,1,0,1,0,0,0,0,0,0,0,0,0,NA,NA,NA
"344",7,7,8,7,7,10,2,0,0,0,1,0,1,1,1,2,1,1,1,2,0,0,0,0,0,0,1,0,1,0,1,1,1,0,1,0,0,1,8,2,NA,NA,NA,NA,NA,1,NA,NA,NA,NA,NA,NA,8,0,1,0,2,NA,NA,NA,NA,NA,1,1,1,0,0,1,1,0,0,0,1,0,9,NA,2
"345",8,4,NA,9,2,2,0,1,0,0,0,0,2,0,0,0,0,0,0,3,NA,NA,NA,NA,NA,NA,NA,NA,NA,NA,NA,1,0,0,0,0,1,0,7,1,3,3,1,2,10,0,NA,0,0,NA,NA,0,2,0,0,0,2,0,9,0,3,7,1,1,0,0,1,1,1,0,0,0,0,0,NA,NA,NA
"346",7,1,NA,5,9,9,2,0,0,0,1,0,1,0,0,0,1,2,1,3,NA,NA,NA,0,2,0,0,0,1,0,0,1,0,0,0,0,0,0,6,1,0,6,0,1,9,0,NA,NA,1,NA,NA,0,0,0,0,0,1,NA,NA,NA,2,6,1,0,1,0,0,1,1,0,0,1,0,0,7,7,NA
"347",5,0,NA,10,0,5,1,0,0,0,1,0,1,0,0,0,0,0,0,1,NA,NA,NA,NA,NA,NA,0,0,1,0,0,1,1,0,0,0,0,0,0,0,0,0,0,0,7,NA,NA,NA,NA,NA,NA,0,0,0,0,0,NA,NA,NA,NA,NA,NA,1,NA,NA,NA,1,NA,1,NA,1,NA,NA,NA,NA,NA,NA
"348",9,3,NA,6,10,10,2,0,0,1,1,0,2,0,0,0,0,0,0,3,NA,NA,NA,NA,NA,NA,0,0,1,0,0,1,1,1,0,0,0,0,0,0,0,0,0,0,8,NA,NA,NA,NA,NA,NA,0,0,0,0,0,0,0,0,0,0,8,1,0,1,0,1,0,1,0,0,0,0,0,NA,NA,NA
"349",3,5,5,10,8,5,1,1,1,0,0,0,1,0,0,0,0,2,NA,0,NA,NA,NA,NA,3,NA,0,0,1,0,1,1,1,1,0,0,0,0,5,0,0,0,0,2,10,1,NA,NA,NA,NA,NA,1,NA,0,0,0,NA,NA,8,NA,8,6,1,1,1,0,0,1,1,0,0,0,0,0,NA,NA,NA
"350",3,1,NA,10,2,2,1,0,0,0,0,0,0,0,0,0,0,1,0,NA,NA,NA,NA,NA,0,NA,0,0,0,0,1,1,1,1,1,0,1,0,0,0,0,0,0,0,0,NA,NA,NA,NA,NA,NA,NA,0,0,0,0,0,0,3,0,6,6,1,0,0,0,0,0,1,0,1,0,0,0,NA,NA,NA
"351",7,8,5,8,8,8,2,0,0,0,0,1,2,0,0,0,0,1,0,2,NA,NA,NA,NA,0,NA,0,0,1,1,0,1,1,1,1,0,0,0,7,4,0,5,0,1,9,0,1,NA,0,NA,NA,0,1,0,0,0,NA,NA,NA,NA,NA,8,1,0,1,0,1,0,1,0,0,0,0,1,8,NA,3
"352",2,2,NA,10,0,0,0,0,0,0,0,0,0,0,0,0,0,0,0,NA,NA,NA,NA,NA,NA,NA,NA,NA,NA,NA,NA,1,1,1,0,1,0,0,1,0,0,3,0,0,0,NA,NA,NA,0,NA,NA,NA,0,0,0,0,NA,NA,NA,NA,10,9,1,NA,NA,NA,NA,NA,1,1,1,NA,NA,1,NA,NA,NA
"353",7,7,3,10,8,0,0,0,0,0,0,1,1,0,0,0,0,0,0,1,NA,NA,NA,NA,NA,NA,NA,NA,NA,NA,NA,1,1,1,NA,NA,0,0,0,5,0,0,0,0,10,NA,0,NA,NA,NA,NA,0,NA,0,0,0,NA,NA,NA,NA,NA,10,1,NA,1,NA,NA,NA,1,NA,1,NA,NA,NA,9,NA,NA
"354",2,0,NA,10,8,9,2,0,0,0,1,0,2,0,0,1,0,0,1,3,NA,NA,0,NA,NA,0,0,1,1,1,0,1,0,1,0,0,0,1,5,0,1,2,2,7,7,NA,NA,NA,NA,NA,NA,0,4,0,0,0,3,0,3,2,0,10,1,1,0,0,0,0,1,0,1,0,1,0,5,8,1
"355",9,9,9,9,10,8,2,0,1,0,1,1,2,2,1,0,0,NA,0,1,3,0,NA,NA,NA,NA,1,0,1,1,0,1,1,1,0,1,0,0,10,10,8,2,7,7,9,3,3,1,NA,NA,2,2,7,0,1,0,8,6,NA,5,7,9,1,NA,1,NA,1,1,1,1,1,1,1,1,10,10,10
"356",6,1,NA,10,10,10,1,0,0,0,1,0,2,0,0,0,0,0,0,1,NA,NA,NA,NA,NA,NA,NA,NA,1,NA,NA,1,0,0,1,1,0,1,5,1,0,7,0,5,8,1,NA,NA,3,NA,3,3,1,0,0,0,1,NA,NA,NA,10,10,1,1,0,0,1,0,1,1,0,0,0,1,8,8,8
"357",9,6,0,8,1,1,0,0,0,0,1,0,2,2,0,0,2,0,0,2,2,NA,NA,2,NA,NA,NA,NA,NA,NA,NA,1,0,0,0,1,0,0,2,5,1,7,0,0,7,NA,0,NA,0,NA,NA,0,NA,0,0,0,7,NA,7,NA,NA,8,1,0,1,0,0,0,0,0,0,0,0,0,8,NA,9
"358",7,3,NA,10,5,8,2,1,0,0,0,0,1,NA,2,2,2,NA,NA,0,NA,1,0,3,NA,NA,1,1,1,1,1,1,1,NA,NA,NA,1,1,2,NA,6,NA,7,5,2,NA,NA,2,NA,2,2,NA,3,1,0,0,6,5,8,6,1,2,1,1,1,NA,1,NA,NA,1,1,NA,1,1,NA,NA,NA
"359",8,5,NA,10,6,6,1,1,0,0,0,0,1,0,0,1,1,1,0,3,NA,NA,0,1,1,NA,NA,1,NA,1,1,0,1,1,0,1,1,1,2,0,5,0,5,5,8,NA,NA,1,NA,1,3,3,5,0,1,0,7,7,7,5,7,8,NA,1,1,1,1,1,1,1,NA,1,NA,NA,8,8,8
"360",4,0,NA,8,8,0,0,0,0,0,0,1,2,0,0,0,0,0,0,2,NA,NA,NA,NA,NA,NA,NA,NA,NA,NA,NA,1,1,0,0,0,0,0,0,2,0,0,0,0,5,NA,NA,NA,NA,NA,NA,0,0,0,0,0,0,0,0,0,0,0,1,0,1,0,0,0,0,0,0,0,0,0,NA,NA,NA
"361",10,0,NA,10,10,10,1,0,0,1,0,1,2,0,0,0,0,0,0,3,NA,NA,NA,NA,NA,NA,0,0,1,0,1,1,0,0,0,1,0,0,5,10,0,0,0,5,10,1,3,NA,NA,NA,1,2,0,0,0,0,7,0,0,0,0,7,1,0,1,0,0,0,1,0,0,1,0,0,8,8,8
